,PUBCHEM_EXT_DATASOURCE_SMILES,pIC50,CID,Activity,CanonicalSMILES,standardized_smiles
0,[C-]#[N+]C1=CC2=C(C(=NC=N2)NC3=CC(=C(C=C3)F)[C@@]4(C[C@H](OC(=N4)N)C(F)(F)F)CF)N=C1,7.591760035,124221527,Active,[C-]#[N+]C1=CC2=C(C(=NC=N2)NC3=CC(=C(C=C3)F)C4(CC(OC(=N4)N)C(F)(F)F)CF)N=C1,[C-]#[N+]C1=CC2=C(N=C1)C(NC1=CC(C3(CF)CC(C(F)(F)F)OC(N)=N3)=C(F)C=C1)=NC=N2
1,[C-]#[N+]C1=CN=C(C=C1)C(=O)NC2=CC(=C(C(=C2)F)F)[C@@]3(C[C@H](OC(=N3)N)C(F)(F)F)CF,7.48148606,124221532,Active,[C-]#[N+]C1=CN=C(C=C1)C(=O)NC2=CC(=C(C(=C2)F)F)C3(CC(OC(=N3)N)C(F)(F)F)CF,[C-]#[N+]C1=CN=C(C(=O)NC2=CC(C3(CF)CC(C(F)(F)F)OC(N)=N3)=C(F)C(F)=C2)C=C1
2,C#CCOC1=CN=C(C=C1)C(=O)NC2=CC(=C(C(=C2)F)F)[C@@]3(C[C@H](OC(=N3)N)C(F)(F)F)CF,7.886056648,78322387,Active,C#CCOC1=CN=C(C=C1)C(=O)NC2=CC(=C(C(=C2)F)F)C3(CC(OC(=N3)N)C(F)(F)F)CF,C#CCOC1=CN=C(C(=O)NC2=CC(C3(CF)CC(C(F)(F)F)OC(N)=N3)=C(F)C(F)=C2)C=C1
3,C#CCOC1=NC=C(N=C1)C(=O)NC2=CC(=C(C(=C2)F)F)[C@@]3(C[C@H](OC(=N3)N)C(F)(F)F)CF,8.853871964,78322386,Active,C#CCOC1=NC=C(N=C1)C(=O)NC2=CC(=C(C(=C2)F)F)C3(CC(OC(=N3)N)C(F)(F)F)CF,C#CCOC1=NC=C(C(=O)NC2=CC(C3(CF)CC(C(F)(F)F)OC(N)=N3)=C(F)C(F)=C2)N=C1
4,C#CCOC1=NC=C(N=C1)C(=O)NC2=CC(=C(C=C2)F)[C@@]3(C[C@H](OC(=N3)N)C(F)(F)F)CF,8.638272164,90373092,Active,C#CCOC1=NC=C(N=C1)C(=O)NC2=CC(=C(C=C2)F)C3(CC(OC(=N3)N)C(F)(F)F)CF,C#CCOC1=NC=C(C(=O)NC2=CC(C3(CF)CC(C(F)(F)F)OC(N)=N3)=C(F)C=C2)N=C1
5,C1[C@H](OC(=NC1(C2=C(C=CC(=C2)NC(=O)C3=NC=C(C=C3)Cl)F)C(F)F)N)C(F)(F)F,7.102372909,124221529,Active,C1C(OC(=NC1(C2=C(C=CC(=C2)NC(=O)C3=NC=C(C=C3)Cl)F)C(F)F)N)C(F)(F)F,NC1=NC(C2=C(F)C=CC(NC(=O)C3=NC=C(Cl)C=C3)=C2)(C(F)F)CC(C(F)(F)F)O1
6,C1[C@H](OC(=N[C@]1(CF)C2=C(C(=CC(=C2)NC(=O)C3=C(C=C(C=N3)C#N)F)F)F)N)C(F)(F)F,7.420216403,90372807,Active,C1C(OC(=NC1(CF)C2=C(C(=CC(=C2)NC(=O)C3=C(C=C(C=N3)C#N)F)F)F)N)C(F)(F)F,N#CC1=CC(F)=C(C(=O)NC2=CC(C3(CF)CC(C(F)(F)F)OC(N)=N3)=C(F)C(F)=C2)N=C1
7,C1[C@H](OC(=N[C@]1(CF)C2=C(C(=CC(=C2)NC(=O)C3=C(C=C(C=N3)Cl)F)F)F)N)C(F)(F)F,7.537602002,90372911,Active,C1C(OC(=NC1(CF)C2=C(C(=CC(=C2)NC(=O)C3=C(C=C(C=N3)Cl)F)F)F)N)C(F)(F)F,NC1=NC(CF)(C2=C(F)C(F)=CC(NC(=O)C3=C(F)C=C(Cl)C=N3)=C2)CC(C(F)(F)F)O1
8,C1[C@H](OC(=N[C@]1(CF)C2=C(C(=CC(=C2)NC(=O)C3=NC=C(C=C3)Br)F)F)N)C(F)(F)F,7.721246399,86732231,Active,C1C(OC(=NC1(CF)C2=C(C(=CC(=C2)NC(=O)C3=NC=C(C=C3)Br)F)F)N)C(F)(F)F,NC1=NC(CF)(C2=C(F)C(F)=CC(NC(=O)C3=NC=C(Br)C=C3)=C2)CC(C(F)(F)F)O1
9,C1[C@H](OC(=N[C@]1(CF)C2=C(C(=CC(=C2)NC(=O)C3=NC=C(C=C3)Cl)F)F)N)C(F)(F)F,7.585026652,90372917,Active,C1C(OC(=NC1(CF)C2=C(C(=CC(=C2)NC(=O)C3=NC=C(C=C3)Cl)F)F)N)C(F)(F)F,NC1=NC(CF)(C2=C(F)C(F)=CC(NC(=O)C3=NC=C(Cl)C=C3)=C2)CC(C(F)(F)F)O1
10,C1[C@H](OC(=N[C@]1(CF)C2=C(C(=CC(=C2)NC3=NC=CC4=CC(=CN=C43)C#N)F)F)N)C(F)(F)F,7.431798276,90372948,Active,C1C(OC(=NC1(CF)C2=C(C(=CC(=C2)NC3=NC=CC4=CC(=CN=C43)C#N)F)F)N)C(F)(F)F,N#CC1=CN=C2C(NC3=CC(C4(CF)CC(C(F)(F)F)OC(N)=N4)=C(F)C(F)=C3)=NC=CC2=C1
11,C1[C@H](OC(=N[C@]1(CF)C2=C(C(=CC(=C2)NC3=NC=CC4=CC(=CN=C43)Cl)F)F)N)C(F)(F)F,7.638272164,90372805,Active,C1C(OC(=NC1(CF)C2=C(C(=CC(=C2)NC3=NC=CC4=CC(=CN=C43)Cl)F)F)N)C(F)(F)F,NC1=NC(CF)(C2=C(F)C(F)=CC(NC3=NC=CC4=CC(Cl)=CN=C34)=C2)CC(C(F)(F)F)O1
12,C1[C@H](OC(=N[C@]1(CF)C2=C(C=CC(=C2)C#CC3=C4C=CNC4=CC=C3)F)N)C(F)(F)F,5.250263684,90373003,Active,C1C(OC(=NC1(CF)C2=C(C=CC(=C2)C#CC3=C4C=CNC4=CC=C3)F)N)C(F)(F)F,NC1=NC(CF)(C2=C(F)C=CC(C#CC3=C4C=CNC4=CC=C3)=C2)CC(C(F)(F)F)O1
13,C1[C@H](OC(=N[C@]1(CF)C2=C(C=CC(=C2)C#CC3=CC=CC4=C3NC=C4)F)N)C(F)(F)F,5.251811973,90373342,Active,C1C(OC(=NC1(CF)C2=C(C=CC(=C2)C#CC3=CC=CC4=C3NC=C4)F)N)C(F)(F)F,NC1=NC(CF)(C2=C(F)C=CC(C#CC3=CC=CC4=C3NC=C4)=C2)CC(C(F)(F)F)O1
14,C1[C@H](OC(=N[C@]1(CF)C2=C(C=CC(=C2)C#CC3=CC4=C(C=C3)C=CN4)F)N)C(F)(F)F,5.657577319,90373126,Active,C1C(OC(=NC1(CF)C2=C(C=CC(=C2)C#CC3=CC4=C(C=C3)C=CN4)F)N)C(F)(F)F,NC1=NC(CF)(C2=C(F)C=CC(C#CC3=CC4=C(C=CN4)C=C3)=C2)CC(C(F)(F)F)O1
15,C1[C@H](OC(=N[C@]1(CF)C2=C(C=CC(=C2)C#CC3=CC4=C(C=C3)NC=C4)F)N)C(F)(F)F,6.238824187,90372918,Active,C1C(OC(=NC1(CF)C2=C(C=CC(=C2)C#CC3=CC4=C(C=C3)NC=C4)F)N)C(F)(F)F,NC1=NC(CF)(C2=C(F)C=CC(C#CC3=CC4=C(C=C3)NC=C4)=C2)CC(C(F)(F)F)O1
16,C1[C@H](OC(=N[C@]1(CF)C2=C(C=CC(=C2)C#CC3=NC=C(C=C3)C#N)F)N)C(F)(F)F,6.293282218,86279155,Active,C1C(OC(=NC1(CF)C2=C(C=CC(=C2)C#CC3=NC=C(C=C3)C#N)F)N)C(F)(F)F,N#CC1=CN=C(C#CC2=CC(C3(CF)CC(C(F)(F)F)OC(N)=N3)=C(F)C=C2)C=C1
17,C1[C@H](OC(=N[C@]1(CF)C2=C(C=CC(=C2)C#CC3=NC=C(C=C3)OC(F)F)F)N)C(F)(F)F,5.528708289,90372770,Active,C1C(OC(=NC1(CF)C2=C(C=CC(=C2)C#CC3=NC=C(C=C3)OC(F)F)F)N)C(F)(F)F,NC1=NC(CF)(C2=C(F)C=CC(C#CC3=NC=C(OC(F)F)C=C3)=C2)CC(C(F)(F)F)O1
18,C1[C@H](OC(=N[C@]1(CF)C2=C(C=CC(=C2)C3=CC(=CN=C3)C4=NN=CO4)F)N)C(F)(F)F,5.077793723,90373258,Active,C1C(OC(=NC1(CF)C2=C(C=CC(=C2)C3=CC(=CN=C3)C4=NN=CO4)F)N)C(F)(F)F,NC1=NC(CF)(C2=C(F)C=CC(C3=CC(C4=NN=CO4)=CN=C3)=C2)CC(C(F)(F)F)O1
19,C1[C@H](OC(=N[C@]1(CF)C2=C(C=CC(=C2)C3=CN=CC(=C3)C#N)F)N)C(F)(F)F,5.465973894,86732149,Active,C1C(OC(=NC1(CF)C2=C(C=CC(=C2)C3=CN=CC(=C3)C#N)F)N)C(F)(F)F,N#CC1=CC(C2=CC(C3(CF)CC(C(F)(F)F)OC(N)=N3)=C(F)C=C2)=CN=C1
20,C1[C@H](OC(=N[C@]1(CF)C2=C(C=CC(=C2)C3=NC4=C(O3)C=C(C=C4)Cl)F)N)C(F)(F)F,6.266000713,86279476,Active,C1C(OC(=NC1(CF)C2=C(C=CC(=C2)C3=NC4=C(O3)C=C(C=C4)Cl)F)N)C(F)(F)F,NC1=NC(CF)(C2=C(F)C=CC(C3=NC4=C(C=C(Cl)C=C4)O3)=C2)CC(C(F)(F)F)O1
21,C1[C@H](OC(=N[C@]1(CF)C2=C(C=CC(=C2)NC(=O)C3=C(C=C(C=N3)Br)Cl)F)N)C(F)(F)F,7.555955204,78321125,Active,C1C(OC(=NC1(CF)C2=C(C=CC(=C2)NC(=O)C3=C(C=C(C=N3)Br)Cl)F)N)C(F)(F)F,NC1=NC(CF)(C2=C(F)C=CC(NC(=O)C3=C(Cl)C=C(Br)C=N3)=C2)CC(C(F)(F)F)O1
22,C1[C@H](OC(=N[C@]1(CF)C2=C(C=CC(=C2)NC(=O)C3=C(C=C(C=N3)C#N)Cl)F)N)C(F)(F)F,7.54515514,71668048,Active,C1C(OC(=NC1(CF)C2=C(C=CC(=C2)NC(=O)C3=C(C=C(C=N3)C#N)Cl)F)N)C(F)(F)F,N#CC1=CC(Cl)=C(C(=O)NC2=CC(C3(CF)CC(C(F)(F)F)OC(N)=N3)=C(F)C=C2)N=C1
23,C1[C@H](OC(=N[C@]1(CF)C2=C(C=CC(=C2)NC(=O)C3=C(C=C(C=N3)C(F)(F)F)Cl)F)N)C(F)(F)F,7.13076828,90373024,Active,C1C(OC(=NC1(CF)C2=C(C=CC(=C2)NC(=O)C3=C(C=C(C=N3)C(F)(F)F)Cl)F)N)C(F)(F)F,NC1=NC(CF)(C2=C(F)C=CC(NC(=O)C3=C(Cl)C=C(C(F)(F)F)C=N3)=C2)CC(C(F)(F)F)O1
24,C1[C@H](OC(=N[C@]1(CF)C2=C(C=CC(=C2)NC(=O)C3=C(C=C(C=N3)C(F)F)Cl)F)N)C(F)(F)F,6.886056648,90372778,Active,C1C(OC(=NC1(CF)C2=C(C=CC(=C2)NC(=O)C3=C(C=C(C=N3)C(F)F)Cl)F)N)C(F)(F)F,NC1=NC(CF)(C2=C(F)C=CC(NC(=O)C3=C(Cl)C=C(C(F)F)C=N3)=C2)CC(C(F)(F)F)O1
25,C1[C@H](OC(=N[C@]1(CF)C2=C(C=CC(=C2)NC(=O)C3=C(C=C(C=N3)Cl)Cl)F)N)C(F)(F)F,7.638272164,71668049,Active,C1C(OC(=NC1(CF)C2=C(C=CC(=C2)NC(=O)C3=C(C=C(C=N3)Cl)Cl)F)N)C(F)(F)F,NC1=NC(CF)(C2=C(F)C=CC(NC(=O)C3=C(Cl)C=C(Cl)C=N3)=C2)CC(C(F)(F)F)O1
26,C1[C@H](OC(=N[C@]1(CF)C2=C(C=CC(=C2)NC(=O)C3=C(C=C(C=N3)Cl)F)F)N)C(F)(F)F,7.292429824,90372960,Active,C1C(OC(=NC1(CF)C2=C(C=CC(=C2)NC(=O)C3=C(C=C(C=N3)Cl)F)F)N)C(F)(F)F,NC1=NC(CF)(C2=C(F)C=CC(NC(=O)C3=C(F)C=C(Cl)C=N3)=C2)CC(C(F)(F)F)O1
27,C1[C@H](OC(=N[C@]1(CF)C2=C(C=CC(=C2)NC(=O)C3=CN=C(C=N3)OCC4=NC=CO4)F)N)C(F)(F)F,7.958607315,90372802,Active,C1C(OC(=NC1(CF)C2=C(C=CC(=C2)NC(=O)C3=CN=C(C=N3)OCC4=NC=CO4)F)N)C(F)(F)F,NC1=NC(CF)(C2=C(F)C=CC(NC(=O)C3=CN=C(OCC4=NC=CO4)C=N3)=C2)CC(C(F)(F)F)O1
28,C1[C@H](OC(=N[C@]1(CF)C2=C(C=CC(=C2)NC(=O)C3=NC=C(C=C3)Br)F)N)C(F)(F)F,8.0,78322077,Active,C1C(OC(=NC1(CF)C2=C(C=CC(=C2)NC(=O)C3=NC=C(C=C3)Br)F)N)C(F)(F)F,NC1=NC(CF)(C2=C(F)C=CC(NC(=O)C3=NC=C(Br)C=C3)=C2)CC(C(F)(F)F)O1
29,C1[C@H](OC(=N[C@]1(CF)C2=C(C=CC(=C2)NC(=O)C3=NC=C(C=C3)C#N)F)N)C(F)(F)F,7.747146969,71305057,Active,C1C(OC(=NC1(CF)C2=C(C=CC(=C2)NC(=O)C3=NC=C(C=C3)C#N)F)N)C(F)(F)F,N#CC1=CN=C(C(=O)NC2=CC(C3(CF)CC(C(F)(F)F)OC(N)=N3)=C(F)C=C2)C=C1
30,C1[C@H](OC(=N[C@]1(CF)C2=C(C=CC(=C2)NC(=O)C3=NC=C(C=C3)C(F)F)F)N)C(F)(F)F,7.142667504,71668199,Active,C1C(OC(=NC1(CF)C2=C(C=CC(=C2)NC(=O)C3=NC=C(C=C3)C(F)F)F)N)C(F)(F)F,NC1=NC(CF)(C2=C(F)C=CC(NC(=O)C3=NC=C(C(F)F)C=C3)=C2)CC(C(F)(F)F)O1
31,C1[C@H](OC(=N[C@]1(CF)C2=C(C=CC(=C2)NC(=O)C3=NC=C(C=C3)Cl)F)N)C(F)(F)F,7.744727495,71667462,Active,C1C(OC(=NC1(CF)C2=C(C=CC(=C2)NC(=O)C3=NC=C(C=C3)Cl)F)N)C(F)(F)F,NC1=NC(CF)(C2=C(F)C=CC(NC(=O)C3=NC=C(Cl)C=C3)=C2)CC(C(F)(F)F)O1
32,C1[C@H](OC(=N[C@]1(CF)C2=C(C=CC(=C2)NC(=O)C3=NC=C(C=C3)F)F)N)C(F)(F)F,7.139661993,78321444,Active,C1C(OC(=NC1(CF)C2=C(C=CC(=C2)NC(=O)C3=NC=C(C=C3)F)F)N)C(F)(F)F,NC1=NC(CF)(C2=C(F)C=CC(NC(=O)C3=NC=C(F)C=C3)=C2)CC(C(F)(F)F)O1
33,C1[C@H](OC(=N[C@]1(CF)C2=C(C=CC(=C2)NC(=O)C3=NC=C(C=C3)OCC(F)(F)F)F)N)C(F)(F)F,7.366531544,71668200,Active,C1C(OC(=NC1(CF)C2=C(C=CC(=C2)NC(=O)C3=NC=C(C=C3)OCC(F)(F)F)F)N)C(F)(F)F,NC1=NC(CF)(C2=C(F)C=CC(NC(=O)C3=NC=C(OCC(F)(F)F)C=C3)=C2)CC(C(F)(F)F)O1
34,C1[C@H](OC(=N[C@]1(CF)C2=C(C=CC(=C2)NC(=O)C3=NN(C=C3Cl)C(F)F)F)N)C(F)(F)F,7.698970004,71666140,Active,C1C(OC(=NC1(CF)C2=C(C=CC(=C2)NC(=O)C3=NN(C=C3Cl)C(F)F)F)N)C(F)(F)F,NC1=NC(CF)(C2=C(F)C=CC(NC(=O)C3=NN(C(F)F)C=C3Cl)=C2)CC(C(F)(F)F)O1
35,C1[C@H](OC(=N[C@]1(CF)C2=C(C=CC(=C2)NC(=S)C3=NC=C(C=C3)Cl)F)N)C(F)(F)F,7.065501549,90373107,Active,C1C(OC(=NC1(CF)C2=C(C=CC(=C2)NC(=S)C3=NC=C(C=C3)Cl)F)N)C(F)(F)F,NC1=NC(CF)(C2=C(F)C=CC(NC(=S)C3=NC=C(Cl)C=C3)=C2)CC(C(F)(F)F)O1
36,C1[C@H](OC(=N[C@]1(CF)C2=C(C=CC(=C2)NC3=C(C=CC=N3)F)F)N)C(F)(F)F,6.241088108,90372859,Active,C1C(OC(=NC1(CF)C2=C(C=CC(=C2)NC3=C(C=CC=N3)F)F)N)C(F)(F)F,NC1=NC(CF)(C2=C(F)C=CC(NC3=C(F)C=CC=N3)=C2)CC(C(F)(F)F)O1
37,C1[C@H](OC(=N[C@]1(CF)C2=C(C=CC(=C2)NC3=C4C(=NC=N3)SC(=N4)C(F)F)F)N)C(F)(F)F,6.57024772,90373222,Active,C1C(OC(=NC1(CF)C2=C(C=CC(=C2)NC3=C4C(=NC=N3)SC(=N4)C(F)F)F)N)C(F)(F)F,NC1=NC(CF)(C2=C(F)C=CC(NC3=C4N=C(C(F)F)SC4=NC=N3)=C2)CC(C(F)(F)F)O1
38,C1[C@H](OC(=N[C@]1(CF)C2=C(C=CC(=C2)NC3=CC(=NC=C3)Br)F)N)C(F)(F)F,5.187755303,90373053,Active,C1C(OC(=NC1(CF)C2=C(C=CC(=C2)NC3=CC(=NC=C3)Br)F)N)C(F)(F)F,NC1=NC(CF)(C2=C(F)C=CC(NC3=CC(Br)=NC=C3)=C2)CC(C(F)(F)F)O1
39,C1[C@H](OC(=N[C@]1(CF)C2=C(C=CC(=C2)NC3=CC(=NC=C3)C#N)F)N)C(F)(F)F,4.721246399,90372857,Inactive,C1C(OC(=NC1(CF)C2=C(C=CC(=C2)NC3=CC(=NC=C3)C#N)F)N)C(F)(F)F,N#CC1=NC=CC(NC2=CC(C3(CF)CC(C(F)(F)F)OC(N)=N3)=C(F)C=C2)=C1
40,C1[C@H](OC(=N[C@]1(CF)C2=C(C=CC(=C2)NC3=NC=C(C4=C3N=CC(=C4)C#N)F)F)N)C(F)(F)F,7.995678626,78321123,Active,C1C(OC(=NC1(CF)C2=C(C=CC(=C2)NC3=NC=C(C4=C3N=CC(=C4)C#N)F)F)N)C(F)(F)F,N#CC1=CC2=C(N=C1)C(NC1=CC(C3(CF)CC(C(F)(F)F)OC(N)=N3)=C(F)C=C1)=NC=C2F
41,C1[C@H](OC(=N[C@]1(CF)C2=C(C=CC(=C2)NC3=NC=C(C4=C3N=CC(=C4)Cl)F)F)N)C(F)(F)F,7.537602002,90372925,Active,C1C(OC(=NC1(CF)C2=C(C=CC(=C2)NC3=NC=C(C4=C3N=CC(=C4)Cl)F)F)N)C(F)(F)F,NC1=NC(CF)(C2=C(F)C=CC(NC3=NC=C(F)C4=C3N=CC(Cl)=C4)=C2)CC(C(F)(F)F)O1
42,C1[C@H](OC(=N[C@]1(CF)C2=C(C=CC(=C2)NC3=NC=CC(=C3)C4=CC=CC=C4)F)N)C(F)(F)F,5.103473783,86732155,Active,C1C(OC(=NC1(CF)C2=C(C=CC(=C2)NC3=NC=CC(=C3)C4=CC=CC=C4)F)N)C(F)(F)F,NC1=NC(CF)(C2=C(F)C=CC(NC3=NC=CC(C4=CC=CC=C4)=C3)=C2)CC(C(F)(F)F)O1
43,C1[C@H](OC(=N[C@]1(CF)C2=C(C=CC(=C2)NC3=NC=CC(=C3)Cl)F)N)C(F)(F)F,4.625251654,86732156,Inactive,C1C(OC(=NC1(CF)C2=C(C=CC(=C2)NC3=NC=CC(=C3)Cl)F)N)C(F)(F)F,NC1=NC(CF)(C2=C(F)C=CC(NC3=NC=CC(Cl)=C3)=C2)CC(C(F)(F)F)O1
44,C1[C@H](OC(=N[C@]1(CF)C2=C(C=CC(=C2)NC3=NC=CC4=CC(=CN=C43)Cl)F)N)C(F)(F)F,7.7112541,86732113,Active,C1C(OC(=NC1(CF)C2=C(C=CC(=C2)NC3=NC=CC4=CC(=CN=C43)Cl)F)N)C(F)(F)F,NC1=NC(CF)(C2=C(F)C=CC(NC3=NC=CC4=CC(Cl)=CN=C34)=C2)CC(C(F)(F)F)O1
45,C1[C@H](OC(=N[C@]1(CF)C2=C(C=CC(=C2)NC3=NC=CC4=CN(N=C43)C(F)F)F)N)C(F)(F)F,4.48148606,90372847,Inactive,C1C(OC(=NC1(CF)C2=C(C=CC(=C2)NC3=NC=CC4=CN(N=C43)C(F)F)F)N)C(F)(F)F,NC1=NC(CF)(C2=C(F)C=CC(NC3=NC=CC4=CN(C(F)F)N=C34)=C2)CC(C(F)(F)F)O1
46,C1[C@H](OC(=N[C@]1(CF)C2=C(C=CC(=C2)NC3=NC=CC4=NC(=CN=C43)C(F)(F)F)F)N)C(F)(F)F,6.928117993,90373123,Active,C1C(OC(=NC1(CF)C2=C(C=CC(=C2)NC3=NC=CC4=NC(=CN=C43)C(F)(F)F)F)N)C(F)(F)F,NC1=NC(CF)(C2=C(F)C=CC(NC3=NC=CC4=NC(C(F)(F)F)=CN=C34)=C2)CC(C(F)(F)F)O1
47,C1[C@H](OC(=N[C@]1(CF)C2=C(C=CC(=C2)NC3=NC=NC4=C3N=CC(=C4)Cl)F)N)C(F)(F)F,7.565431096,90372932,Active,C1C(OC(=NC1(CF)C2=C(C=CC(=C2)NC3=NC=NC4=C3N=CC(=C4)Cl)F)N)C(F)(F)F,NC1=NC(CF)(C2=C(F)C=CC(NC3=NC=NC4=C3N=CC(Cl)=C4)=C2)CC(C(F)(F)F)O1
48,C1[C@H](OC(=N[C@]1(CF)C2=C(C=CC(=C2)OC3=C(C=C(C=N3)Cl)F)F)N)C(F)(F)F,5.539102157,90372915,Active,C1C(OC(=NC1(CF)C2=C(C=CC(=C2)OC3=C(C=C(C=N3)Cl)F)F)N)C(F)(F)F,NC1=NC(CF)(C2=C(F)C=CC(OC3=C(F)C=C(Cl)C=N3)=C2)CC(C(F)(F)F)O1
49,C1[C@H](OC(=N[C@]1(CF)C2=C(C=CC(=C2)OC3=C(C=CC=N3)C#N)F)N)C(F)(F)F,5.231361899,90373245,Active,C1C(OC(=NC1(CF)C2=C(C=CC(=C2)OC3=C(C=CC=N3)C#N)F)N)C(F)(F)F,N#CC1=C(OC2=CC(C3(CF)CC(C(F)(F)F)OC(N)=N3)=C(F)C=C2)N=CC=C1
50,C1[C@H](OC(=N[C@]1(CF)C2=C(C=CC(=C2)OC3=C(C=CC=N3)Cl)F)N)C(F)(F)F,6.003050752,90373030,Active,C1C(OC(=NC1(CF)C2=C(C=CC(=C2)OC3=C(C=CC=N3)Cl)F)N)C(F)(F)F,NC1=NC(CF)(C2=C(F)C=CC(OC3=C(Cl)C=CC=N3)=C2)CC(C(F)(F)F)O1
51,C1[C@H](OC(=N[C@]1(CF)C2=C(C=CC(=C2)OC3=C(C=CC=N3)F)F)N)C(F)(F)F,6.400116928,90380068,Active,C1C(OC(=NC1(CF)C2=C(C=CC(=C2)OC3=C(C=CC=N3)F)F)N)C(F)(F)F,NC1=NC(CF)(C2=C(F)C=CC(OC3=C(F)C=CC=N3)=C2)CC(C(F)(F)F)O1
52,C1[C@H](OC(=N[C@]1(CF)C2=C(C=CC(=C2)OC3=CC=CC(=N3)C(F)(F)F)F)N)C(F)(F)F,5.467245621,90373188,Active,C1C(OC(=NC1(CF)C2=C(C=CC(=C2)OC3=CC=CC(=N3)C(F)(F)F)F)N)C(F)(F)F,NC1=NC(CF)(C2=C(F)C=CC(OC3=CC=CC(C(F)(F)F)=N3)=C2)CC(C(F)(F)F)O1
53,C1[C@H](OC(=N[C@]1(CF)C2=C(C=CC(=C2)OC3=CC=CC=N3)F)N)C(F)(F)F,6.251811973,90373220,Active,C1C(OC(=NC1(CF)C2=C(C=CC(=C2)OC3=CC=CC=N3)F)N)C(F)(F)F,NC1=NC(CF)(C2=C(F)C=CC(OC3=CC=CC=N3)=C2)CC(C(F)(F)F)O1
54,C1[C@H](OC(=N[C@]1(CF)C2=C(C=CC(=C2)OC3=NC(=CC(=C3)Br)Cl)F)N)C(F)(F)F,5.709965389,90380069,Active,C1C(OC(=NC1(CF)C2=C(C=CC(=C2)OC3=NC(=CC(=C3)Br)Cl)F)N)C(F)(F)F,NC1=NC(CF)(C2=C(F)C=CC(OC3=NC(Cl)=CC(Br)=C3)=C2)CC(C(F)(F)F)O1
55,C1[C@H](OC(=N[C@]1(CF)C2=C(C=CC(=C2)OC3=NC(=CC=C3)Cl)F)N)C(F)(F)F,5.804100348,90373099,Active,C1C(OC(=NC1(CF)C2=C(C=CC(=C2)OC3=NC(=CC=C3)Cl)F)N)C(F)(F)F,NC1=NC(CF)(C2=C(F)C=CC(OC3=NC(Cl)=CC=C3)=C2)CC(C(F)(F)F)O1
56,C1[C@H](OC(=N[C@]1(CF)C2=C(C=CC(=C2)OC3=NC=CC(=C3)Br)F)N)C(F)(F)F,6.04769199,90372839,Active,C1C(OC(=NC1(CF)C2=C(C=CC(=C2)OC3=NC=CC(=C3)Br)F)N)C(F)(F)F,NC1=NC(CF)(C2=C(F)C=CC(OC3=NC=CC(Br)=C3)=C2)CC(C(F)(F)F)O1
57,C1[C@H](OC(=N[C@]1(CF)C2=C(C=CC(=C2)OC3=NC=CC(=C3)C(F)(F)F)F)N)C(F)(F)F,5.498940738,90372937,Active,C1C(OC(=NC1(CF)C2=C(C=CC(=C2)OC3=NC=CC(=C3)C(F)(F)F)F)N)C(F)(F)F,NC1=NC(CF)(C2=C(F)C=CC(OC3=NC=CC(C(F)(F)F)=C3)=C2)CC(C(F)(F)F)O1
58,C1[C@H](OC(=N[C@]1(CF)C2=C(C=CC(=C2)OC3=NC=CC(=C3)C4=CC=CC=C4)F)N)C(F)(F)F,6.080921908,90372794,Active,C1C(OC(=NC1(CF)C2=C(C=CC(=C2)OC3=NC=CC(=C3)C4=CC=CC=C4)F)N)C(F)(F)F,NC1=NC(CF)(C2=C(F)C=CC(OC3=NC=CC(C4=CC=CC=C4)=C3)=C2)CC(C(F)(F)F)O1
59,C1[C@H](OC(=N[C@]1(CF)C2=C(C=CC(=C2)OC3=NC=CC(=C3F)C(F)(F)F)F)N)C(F)(F)F,5.021363052,90373043,Active,C1C(OC(=NC1(CF)C2=C(C=CC(=C2)OC3=NC=CC(=C3F)C(F)(F)F)F)N)C(F)(F)F,NC1=NC(CF)(C2=C(F)C=CC(OC3=NC=CC(C(F)(F)F)=C3F)=C2)CC(C(F)(F)F)O1
60,C1[C@H](OC(=N[C@]1(CF)C2=C(C=CC(=C2)OC3=NC=CC=N3)F)N)C(F)(F)F,5.001304842,90373212,Active,C1C(OC(=NC1(CF)C2=C(C=CC(=C2)OC3=NC=CC=N3)F)N)C(F)(F)F,NC1=NC(CF)(C2=C(F)C=CC(OC3=NC=CC=N3)=C2)CC(C(F)(F)F)O1
61,C1[C@H](OC(=N[C@]1(CF)C2=C(C=CC(=C2)OC3=NC=CN=C3)F)N)C(F)(F)F,5.785156152,86732148,Active,C1C(OC(=NC1(CF)C2=C(C=CC(=C2)OC3=NC=CN=C3)F)N)C(F)(F)F,NC1=NC(CF)(C2=C(F)C=CC(OC3=NC=CN=C3)=C2)CC(C(F)(F)F)O1
62,C1[C@H](OC(=N[C@]1(CF)C2=C(C=CC(=N2)NC(=O)C3=NC=C(C=C3)Cl)F)N)C(F)(F)F,5.633481659,90373218,Inactive,C1C(OC(=NC1(CF)C2=C(C=CC(=N2)NC(=O)C3=NC=C(C=C3)Cl)F)N)C(F)(F)F,NC1=NC(CF)(C2=C(F)C=CC(NC(=O)C3=NC=C(Cl)C=C3)=N2)CC(C(F)(F)F)O1
63,C1[C@H](OC(=N[C@]1(CF)C2=C(C=CC(=N2)NC(=O)C3=NN(C=C3Cl)C(F)F)F)N)C(F)(F)F,7.283996656,78322076,Active,C1C(OC(=NC1(CF)C2=C(C=CC(=N2)NC(=O)C3=NN(C=C3Cl)C(F)F)F)N)C(F)(F)F,NC1=NC(CF)(C2=C(F)C=CC(NC(=O)C3=NN(C(F)F)C=C3Cl)=N2)CC(C(F)(F)F)O1
64,C1[C@H](OC(=N[C@]1(CF)C2=C(N=CC(=C2)NC(=O)C3=NC=C(C=C3)C#N)F)N)C(F)(F)F,6.76700389,86732199,Active,C1C(OC(=NC1(CF)C2=C(N=CC(=C2)NC(=O)C3=NC=C(C=C3)C#N)F)N)C(F)(F)F,N#CC1=CN=C(C(=O)NC2=CC(C3(CF)CC(C(F)(F)F)OC(N)=N3)=C(F)N=C2)C=C1
65,C1[C@H](OC(=N[C@]1(CF)C2=C(N=CC(=C2)NC(=O)C3=NC=C(C=C3)Cl)F)N)C(F)(F)F,7.015472687,86732197,Active,C1C(OC(=NC1(CF)C2=C(N=CC(=C2)NC(=O)C3=NC=C(C=C3)Cl)F)N)C(F)(F)F,NC1=NC(CF)(C2=C(F)N=CC(NC(=O)C3=NC=C(Cl)C=C3)=C2)CC(C(F)(F)F)O1
66,C1[C@H](OC(=N[C@]1(CF)C2=CC(=CC=C2)NC(=O)C3=NC=C(C=C3)C#N)N)C(F)(F)F,7.049635146,90372984,Active,C1C(OC(=NC1(CF)C2=CC(=CC=C2)NC(=O)C3=NC=C(C=C3)C#N)N)C(F)(F)F,N#CC1=CN=C(C(=O)NC2=CC=CC(C3(CF)CC(C(F)(F)F)OC(N)=N3)=C2)C=C1
67,C1[C@H](OC(=N[C@]1(CF)C2=CC(=CC=C2)NC(=O)C3=NC=C(C=C3)Cl)N)C(F)(F)F,6.931814138,86732210,Active,C1C(OC(=NC1(CF)C2=CC(=CC=C2)NC(=O)C3=NC=C(C=C3)Cl)N)C(F)(F)F,NC1=NC(CF)(C2=CC(NC(=O)C3=NC=C(Cl)C=C3)=CC=C2)CC(C(F)(F)F)O1
68,C1[C@H](OC(=N[C@]1(CF)C2=CC(=CC=C2)NC3=NC=CC4=CC(=CN=C43)Cl)N)C(F)(F)F,7.173925197,90373045,Active,C1C(OC(=NC1(CF)C2=CC(=CC=C2)NC3=NC=CC4=CC(=CN=C43)Cl)N)C(F)(F)F,NC1=NC(CF)(C2=CC(NC3=NC=CC4=CC(Cl)=CN=C34)=CC=C2)CC(C(F)(F)F)O1
69,C1CC(C1)OC2=CN=C(C=C2)C#CC3=CC(=C(C=C3)F)[C@@]4(C[C@H](OC(=N4)N)C(F)(F)F)CF,4.688246139,90372887,Inactive,C1CC(C1)OC2=CN=C(C=C2)C#CC3=CC(=C(C=C3)F)C4(CC(OC(=N4)N)C(F)(F)F)CF,NC1=NC(CF)(C2=C(F)C=CC(C#CC3=NC=C(OC4CCC4)C=C3)=C2)CC(C(F)(F)F)O1
70,C1CC1C#CC2=CC3=C(C(=NC=C3F)NC4=CC(=C(C=C4)F)[C@@]5(C[C@H](OC(=N5)N)C(F)(F)F)CF)N=C2,7.48148606,90380057,Active,C1CC1C#CC2=CC3=C(C(=NC=C3F)NC4=CC(=C(C=C4)F)C5(CC(OC(=N5)N)C(F)(F)F)CF)N=C2,NC1=NC(CF)(C2=C(F)C=CC(NC3=NC=C(F)C4=C3N=CC(C#CC3CC3)=C4)=C2)CC(C(F)(F)F)O1
71,C1CC1C#CC2=CN=C(C=C2)C(=O)NC3=CC(=C(C(=C3)F)F)[C@@]4(C[C@H](OC(=N4)N)C(F)(F)F)CF,7.677780705,86732230,Active,C1CC1C#CC2=CN=C(C=C2)C(=O)NC3=CC(=C(C(=C3)F)F)C4(CC(OC(=N4)N)C(F)(F)F)CF,NC1=NC(CF)(C2=C(F)C(F)=CC(NC(=O)C3=NC=C(C#CC4CC4)C=C3)=C2)CC(C(F)(F)F)O1
72,C1CC1C#CC2=CN=C(C=C2)C(=O)NC3=CC(=C(C=C3)F)[C@@]4(C[C@H](OC(=N4)N)C(F)(F)F)CF,7.638272164,86732128,Active,C1CC1C#CC2=CN=C(C=C2)C(=O)NC3=CC(=C(C=C3)F)C4(CC(OC(=N4)N)C(F)(F)F)CF,NC1=NC(CF)(C2=C(F)C=CC(NC(=O)C3=NC=C(C#CC4CC4)C=C3)=C2)CC(C(F)(F)F)O1
73,C1CC1C#CC2=CN=C3C(=C2)C=CN=C3NC4=CC(=C(C=C4)F)[C@@]5(C[C@H](OC(=N5)N)C(F)(F)F)CF,7.008773924,90373138,Active,C1CC1C#CC2=CN=C3C(=C2)C=CN=C3NC4=CC(=C(C=C4)F)C5(CC(OC(=N5)N)C(F)(F)F)CF,NC1=NC(CF)(C2=C(F)C=CC(NC3=NC=CC4=CC(C#CC5CC5)=CN=C34)=C2)CC(C(F)(F)F)O1
74,C1CC1NC(=O)C2=CC(=C(C=C2)F)[C@@]3(C[C@H](OC(=N3)N)C(F)(F)F)CF,4.943095149,90373219,Inactive,C1CC1NC(=O)C2=CC(=C(C=C2)F)C3(CC(OC(=N3)N)C(F)(F)F)CF,NC1=NC(CF)(C2=C(F)C=CC(C(=O)NC3CC3)=C2)CC(C(F)(F)F)O1
75,CC#CC1=CC(=CN=C1)C2=CC(=C(C=C2)F)[C@@]3(C[C@H](OC(=N3)N)C(F)(F)F)CF,6.49757288,86732150,Active,CC#CC1=CC(=CN=C1)C2=CC(=C(C=C2)F)C3(CC(OC(=N3)N)C(F)(F)F)CF,CC#CC1=CC(C2=CC(C3(CF)CC(C(F)(F)F)OC(N)=N3)=C(F)C=C2)=CN=C1
76,CC#CC1=NC=C(C=C1)C2=CC(=C(C=C2)F)[C@@]3(C[C@H](OC(=N3)N)C(F)(F)F)CF,4.562249437,90373311,Inactive,CC#CC1=NC=C(C=C1)C2=CC(=C(C=C2)F)C3(CC(OC(=N3)N)C(F)(F)F)CF,CC#CC1=NC=C(C2=CC(C3(CF)CC(C(F)(F)F)OC(N)=N3)=C(F)C=C2)C=C1
77,CC#CCOC1=CN=C(C(=C1)C)C(=O)NC2=CC(=C(C(=C2)F)F)[C@@]3(C[C@H](OC(=N3)N)C(F)(F)F)C,8.22184875,90373248,Active,CC#CCOC1=CN=C(C(=C1)C)C(=O)NC2=CC(=C(C(=C2)F)F)C3(CC(OC(=N3)N)C(F)(F)F)C,CC#CCOC1=CN=C(C(=O)NC2=CC(C3(C)CC(C(F)(F)F)OC(N)=N3)=C(F)C(F)=C2)C(C)=C1
78,CC#CCOC1=CN=C(C=C1)C(=O)NC2=CC(=C(C(=C2)F)F)[C@@]3(C[C@H](OC(=N3)N)C(F)(F)F)C,8.522878745,90372756,Active,CC#CCOC1=CN=C(C=C1)C(=O)NC2=CC(=C(C(=C2)F)F)C3(CC(OC(=N3)N)C(F)(F)F)C,CC#CCOC1=CN=C(C(=O)NC2=CC(C3(C)CC(C(F)(F)F)OC(N)=N3)=C(F)C(F)=C2)C=C1
79,CC#CCOC1=CN=C(C=C1)C(=O)NC2=CC(=C(C(=C2)F)F)[C@@]3(C[C@H](OC(=N3)N)C(F)(F)F)CF,8.455931956,78322704,Active,CC#CCOC1=CN=C(C=C1)C(=O)NC2=CC(=C(C(=C2)F)F)C3(CC(OC(=N3)N)C(F)(F)F)CF,CC#CCOC1=CN=C(C(=O)NC2=CC(C3(CF)CC(C(F)(F)F)OC(N)=N3)=C(F)C(F)=C2)C=C1
80,CC#CCOC1=NC=C(N=C1)C(=O)NC2=CC(=C(C(=C2)F)F)[C@@]3(C[C@H](OC(=N3)N)C(F)(F)F)CF,9.060480747,78322385,Active,CC#CCOC1=NC=C(N=C1)C(=O)NC2=CC(=C(C(=C2)F)F)C3(CC(OC(=N3)N)C(F)(F)F)CF,CC#CCOC1=NC=C(C(=O)NC2=CC(C3(CF)CC(C(F)(F)F)OC(N)=N3)=C(F)C(F)=C2)N=C1
81,CC#CCOC1=NC=C(N=C1)C(=O)NC2=CC(=C(C=C2)F)[C@@]3(C[C@H](OC(=N3)N)C(F)(F)F)CF,9.15490196,71666292,Active,CC#CCOC1=NC=C(N=C1)C(=O)NC2=CC(=C(C=C2)F)C3(CC(OC(=N3)N)C(F)(F)F)CF,CC#CCOC1=NC=C(C(=O)NC2=CC(C3(CF)CC(C(F)(F)F)OC(N)=N3)=C(F)C=C2)N=C1
82,CC(C)N1C=C(C(=N1)C(=O)NC2=CC(=C(N=C2)F)[C@@]3(C[C@H](OC(=N3)N)C(F)(F)F)C)Cl,4.410050399,90373233,Inactive,CC(C)N1C=C(C(=N1)C(=O)NC2=CC(=C(N=C2)F)C3(CC(OC(=N3)N)C(F)(F)F)C)Cl,CC(C)N1C=C(Cl)C(C(=O)NC2=CC(C3(C)CC(C(F)(F)F)OC(N)=N3)=C(F)N=C2)=N1
83,C[C@]1(C[C@H](OC(=N1)N)C(F)(F)F)C2=C(C(=CC(=C2)NC(=O)C3=C(C=C(C=N3)Br)F)F)F,7.698970004,90382583,Active,CC1(CC(OC(=N1)N)C(F)(F)F)C2=C(C(=CC(=C2)NC(=O)C3=C(C=C(C=N3)Br)F)F)F,CC1(C2=C(F)C(F)=CC(NC(=O)C3=C(F)C=C(Br)C=N3)=C2)CC(C(F)(F)F)OC(N)=N1
84,C[C@]1(C[C@H](OC(=N1)N)C(F)(F)F)C2=C(C(=CC(=C2)NC(=O)C3=C(C=C(C=N3)C#N)Cl)F)F,7.522878745,78322708,Active,CC1(CC(OC(=N1)N)C(F)(F)F)C2=C(C(=CC(=C2)NC(=O)C3=C(C=C(C=N3)C#N)Cl)F)F,CC1(C2=C(F)C(F)=CC(NC(=O)C3=C(Cl)C=C(C#N)C=N3)=C2)CC(C(F)(F)F)OC(N)=N1
85,C[C@]1(C[C@H](OC(=N1)N)C(F)(F)F)C2=C(C(=CC(=C2)NC(=O)C3=C(C=C(C=N3)C#N)OC)F)F,7.292429824,90373088,Active,CC1(CC(OC(=N1)N)C(F)(F)F)C2=C(C(=CC(=C2)NC(=O)C3=C(C=C(C=N3)C#N)OC)F)F,COC1=C(C(=O)NC2=CC(C3(C)CC(C(F)(F)F)OC(N)=N3)=C(F)C(F)=C2)N=CC(C#N)=C1
86,C[C@]1(C[C@H](OC(=N1)N)C(F)(F)F)C2=C(C(=CC(=C2)NC(=O)C3=C(C=C(C=N3)C(F)(F)F)Cl)F)F,7.124938737,90372975,Active,CC1(CC(OC(=N1)N)C(F)(F)F)C2=C(C(=CC(=C2)NC(=O)C3=C(C=C(C=N3)C(F)(F)F)Cl)F)F,CC1(C2=C(F)C(F)=CC(NC(=O)C3=C(Cl)C=C(C(F)(F)F)C=N3)=C2)CC(C(F)(F)F)OC(N)=N1
87,C[C@]1(C[C@H](OC(=N1)N)C(F)(F)F)C2=C(C(=CC(=C2)NC(=O)C3=C(C=C(C=N3)C(F)F)Cl)F)F,7.236572006,90373055,Active,CC1(CC(OC(=N1)N)C(F)(F)F)C2=C(C(=CC(=C2)NC(=O)C3=C(C=C(C=N3)C(F)F)Cl)F)F,CC1(C2=C(F)C(F)=CC(NC(=O)C3=C(Cl)C=C(C(F)F)C=N3)=C2)CC(C(F)(F)F)OC(N)=N1
88,C[C@]1(C[C@H](OC(=N1)N)C(F)(F)F)C2=C(C(=CC(=C2)NC(=O)C3=C(C=C(C=N3)Cl)Cl)F)F,7.721246399,90373010,Active,CC1(CC(OC(=N1)N)C(F)(F)F)C2=C(C(=CC(=C2)NC(=O)C3=C(C=C(C=N3)Cl)Cl)F)F,CC1(C2=C(F)C(F)=CC(NC(=O)C3=C(Cl)C=C(Cl)C=N3)=C2)CC(C(F)(F)F)OC(N)=N1
89,C[C@]1(C[C@H](OC(=N1)N)C(F)(F)F)C2=C(C(=CC(=C2)NC(=O)C3=C(C=C(C=N3)Cl)COC)F)F,7.795880017,90372884,Active,CC1(CC(OC(=N1)N)C(F)(F)F)C2=C(C(=CC(=C2)NC(=O)C3=C(C=C(C=N3)Cl)COC)F)F,COCC1=C(C(=O)NC2=CC(C3(C)CC(C(F)(F)F)OC(N)=N3)=C(F)C(F)=C2)N=CC(Cl)=C1
90,C[C@]1(C[C@H](OC(=N1)N)C(F)(F)F)C2=C(C(=CC(=C2)NC(=O)C3=C(C=C(C=N3)Cl)F)F)F,7.408935393,90373416,Active,CC1(CC(OC(=N1)N)C(F)(F)F)C2=C(C(=CC(=C2)NC(=O)C3=C(C=C(C=N3)Cl)F)F)F,CC1(C2=C(F)C(F)=CC(NC(=O)C3=C(F)C=C(Cl)C=N3)=C2)CC(C(F)(F)F)OC(N)=N1
91,C[C@]1(C[C@H](OC(=N1)N)C(F)(F)F)C2=C(C(=CC(=C2)NC(=O)C3=C(C=C(C=N3)Cl)OC)F)F,7.148741651,90372990,Active,CC1(CC(OC(=N1)N)C(F)(F)F)C2=C(C(=CC(=C2)NC(=O)C3=C(C=C(C=N3)Cl)OC)F)F,COC1=C(C(=O)NC2=CC(C3(C)CC(C(F)(F)F)OC(N)=N3)=C(F)C(F)=C2)N=CC(Cl)=C1
92,C[C@]1(C[C@H](OC(=N1)N)C(F)(F)F)C2=C(C(=CC(=C2)NC(=O)C3=C(C=C(C=N3)OC)Cl)F)F,7.431798276,78322709,Active,CC1(CC(OC(=N1)N)C(F)(F)F)C2=C(C(=CC(=C2)NC(=O)C3=C(C=C(C=N3)OC)Cl)F)F,COC1=CC(Cl)=C(C(=O)NC2=CC(C3(C)CC(C(F)(F)F)OC(N)=N3)=C(F)C(F)=C2)N=C1
93,C[C@]1(C[C@H](OC(=N1)N)C(F)(F)F)C2=C(C(=CC(=C2)NC(=O)C3=C(C=C(C=N3)OC)F)F)F,7.48148606,90373209,Active,CC1(CC(OC(=N1)N)C(F)(F)F)C2=C(C(=CC(=C2)NC(=O)C3=C(C=C(C=N3)OC)F)F)F,COC1=CC(F)=C(C(=O)NC2=CC(C3(C)CC(C(F)(F)F)OC(N)=N3)=C(F)C(F)=C2)N=C1
94,C[C@]1(C[C@H](OC(=N1)N)C(F)(F)F)C2=C(C(=CC(=C2)NC(=O)C3=CN=C(C=N3)OC)Cl)F,7.920818754,90373102,Active,CC1(CC(OC(=N1)N)C(F)(F)F)C2=C(C(=CC(=C2)NC(=O)C3=CN=C(C=N3)OC)Cl)F,COC1=NC=C(C(=O)NC2=CC(C3(C)CC(C(F)(F)F)OC(N)=N3)=C(F)C(Cl)=C2)N=C1
95,C[C@]1(C[C@H](OC(=N1)N)C(F)(F)F)C2=C(C(=CC(=C2)NC(=O)C3=CN=C(C=N3)OC)F)Cl,7.537602002,90373228,Active,CC1(CC(OC(=N1)N)C(F)(F)F)C2=C(C(=CC(=C2)NC(=O)C3=CN=C(C=N3)OC)F)Cl,COC1=NC=C(C(=O)NC2=CC(C3(C)CC(C(F)(F)F)OC(N)=N3)=C(Cl)C(F)=C2)N=C1
96,C[C@]1(C[C@H](OC(=N1)N)C(F)(F)F)C2=C(C(=CC(=C2)NC(=O)C3=CN=C(C=N3)OC)F)F,7.107905397,78322706,Active,CC1(CC(OC(=N1)N)C(F)(F)F)C2=C(C(=CC(=C2)NC(=O)C3=CN=C(C=N3)OC)F)F,COC1=NC=C(C(=O)NC2=CC(C3(C)CC(C(F)(F)F)OC(N)=N3)=C(F)C(F)=C2)N=C1
97,C[C@]1(C[C@H](OC(=N1)N)C(F)(F)F)C2=C(C(=CC(=C2)NC(=O)C3=CN=C(C=N3)OCC#C)F)F,8.698970004,90373309,Active,CC1(CC(OC(=N1)N)C(F)(F)F)C2=C(C(=CC(=C2)NC(=O)C3=CN=C(C=N3)OCC#C)F)F,C#CCOC1=NC=C(C(=O)NC2=CC(C3(C)CC(C(F)(F)F)OC(N)=N3)=C(F)C(F)=C2)N=C1
98,C[C@]1(C[C@H](OC(=N1)N)C(F)(F)F)C2=C(C(=CC(=C2)NC(=O)C3=CN=C(C=N3)OCC(F)(F)F)Cl)F,8.096910013,90372970,Active,CC1(CC(OC(=N1)N)C(F)(F)F)C2=C(C(=CC(=C2)NC(=O)C3=CN=C(C=N3)OCC(F)(F)F)Cl)F,CC1(C2=C(F)C(Cl)=CC(NC(=O)C3=CN=C(OCC(F)(F)F)C=N3)=C2)CC(C(F)(F)F)OC(N)=N1
99,C[C@]1(C[C@H](OC(=N1)N)C(F)(F)F)C2=C(C(=CC(=C2)NC(=O)C3=CN=C(C=N3)OCC(F)(F)F)F)F,7.677780705,90372817,Active,CC1(CC(OC(=N1)N)C(F)(F)F)C2=C(C(=CC(=C2)NC(=O)C3=CN=C(C=N3)OCC(F)(F)F)F)F,CC1(C2=C(F)C(F)=CC(NC(=O)C3=CN=C(OCC(F)(F)F)C=N3)=C2)CC(C(F)(F)F)OC(N)=N1
100,C[C@]1(C[C@H](OC(=N1)N)C(F)(F)F)C2=C(C(=CC(=C2)NC(=O)C3=CN=C(C=N3)OCC4=NC=CO4)F)F,8.22184875,90373325,Active,CC1(CC(OC(=N1)N)C(F)(F)F)C2=C(C(=CC(=C2)NC(=O)C3=CN=C(C=N3)OCC4=NC=CO4)F)F,CC1(C2=C(F)C(F)=CC(NC(=O)C3=CN=C(OCC4=NC=CO4)C=N3)=C2)CC(C(F)(F)F)OC(N)=N1
101,C[C@]1(C[C@H](OC(=N1)N)C(F)(F)F)C2=C(C(=CC(=C2)NC(=O)C3=NC=C(C=C3)[N+]#[C-])F)F,6.001306808,124221533,Active,CC1(CC(OC(=N1)N)C(F)(F)F)C2=C(C(=CC(=C2)NC(=O)C3=NC=C(C=C3)[N+]#[C-])F)F,[C-]#[N+]C1=CN=C(C(=O)NC2=CC(C3(C)CC(C(F)(F)F)OC(N)=N3)=C(F)C(F)=C2)C=C1
102,C[C@]1(C[C@H](OC(=N1)N)C(F)(F)F)C2=C(C(=CC(=C2)NC(=O)C3=NC=C(C=C3)Br)Cl)F,8.0,90373201,Active,CC1(CC(OC(=N1)N)C(F)(F)F)C2=C(C(=CC(=C2)NC(=O)C3=NC=C(C=C3)Br)Cl)F,CC1(C2=C(F)C(Cl)=CC(NC(=O)C3=NC=C(Br)C=C3)=C2)CC(C(F)(F)F)OC(N)=N1
103,C[C@]1(C[C@H](OC(=N1)N)C(F)(F)F)C2=C(C(=CC(=C2)NC(=O)C3=NC=C(C=C3)Br)F)F,7.657577319,90372854,Active,CC1(CC(OC(=N1)N)C(F)(F)F)C2=C(C(=CC(=C2)NC(=O)C3=NC=C(C=C3)Br)F)F,CC1(C2=C(F)C(F)=CC(NC(=O)C3=NC=C(Br)C=C3)=C2)CC(C(F)(F)F)OC(N)=N1
104,C[C@]1(C[C@H](OC(=N1)N)C(F)(F)F)C2=C(C(=CC(=C2)NC(=O)C3=NC=C(C=C3)C#N)Cl)F,7.638272164,86732252,Active,CC1(CC(OC(=N1)N)C(F)(F)F)C2=C(C(=CC(=C2)NC(=O)C3=NC=C(C=C3)C#N)Cl)F,CC1(C2=C(F)C(Cl)=CC(NC(=O)C3=NC=C(C#N)C=C3)=C2)CC(C(F)(F)F)OC(N)=N1
105,C[C@]1(C[C@H](OC(=N1)N)C(F)(F)F)C2=C(C(=CC(=C2)NC(=O)C3=NC=C(C=C3)C#N)F)Cl,8.096910013,90372869,Active,CC1(CC(OC(=N1)N)C(F)(F)F)C2=C(C(=CC(=C2)NC(=O)C3=NC=C(C=C3)C#N)F)Cl,CC1(C2=C(Cl)C(F)=CC(NC(=O)C3=NC=C(C#N)C=C3)=C2)CC(C(F)(F)F)OC(N)=N1
106,C[C@]1(C[C@H](OC(=N1)N)C(F)(F)F)C2=C(C(=CC(=C2)NC(=O)C3=NC=C(C=C3)C(F)F)F)F,7.397940009,90373290,Active,CC1(CC(OC(=N1)N)C(F)(F)F)C2=C(C(=CC(=C2)NC(=O)C3=NC=C(C=C3)C(F)F)F)F,CC1(C2=C(F)C(F)=CC(NC(=O)C3=NC=C(C(F)F)C=C3)=C2)CC(C(F)(F)F)OC(N)=N1
107,C[C@]1(C[C@H](OC(=N1)N)C(F)(F)F)C2=C(C(=CC(=C2)NC(=O)C3=NC=C(C=C3)Cl)Cl)F,7.958607315,90373230,Active,CC1(CC(OC(=N1)N)C(F)(F)F)C2=C(C(=CC(=C2)NC(=O)C3=NC=C(C=C3)Cl)Cl)F,CC1(C2=C(F)C(Cl)=CC(NC(=O)C3=NC=C(Cl)C=C3)=C2)CC(C(F)(F)F)OC(N)=N1
108,C[C@]1(C[C@H](OC(=N1)N)C(F)(F)F)C2=C(C(=CC(=C2)NC(=O)C3=NC=C(C=C3)Cl)F)Cl,7.958607315,86732276,Active,CC1(CC(OC(=N1)N)C(F)(F)F)C2=C(C(=CC(=C2)NC(=O)C3=NC=C(C=C3)Cl)F)Cl,CC1(C2=C(Cl)C(F)=CC(NC(=O)C3=NC=C(Cl)C=C3)=C2)CC(C(F)(F)F)OC(N)=N1
109,C[C@]1(C[C@H](OC(=N1)N)C(F)(F)F)C2=C(C(=CC(=C2)NC(=O)C3=NC=C(C=C3)Cl)F)F,7.619788758,78322705,Active,CC1(CC(OC(=N1)N)C(F)(F)F)C2=C(C(=CC(=C2)NC(=O)C3=NC=C(C=C3)Cl)F)F,CC1(C2=C(F)C(F)=CC(NC(=O)C3=NC=C(Cl)C=C3)=C2)CC(C(F)(F)F)OC(N)=N1
110,C[C@]1(C[C@H](OC(=N1)N)C(F)(F)F)C2=C(C(=CC(=C2)NC(=O)C3=NC=C(C=C3)OC)Cl)F,7.823908741,90372830,Active,CC1(CC(OC(=N1)N)C(F)(F)F)C2=C(C(=CC(=C2)NC(=O)C3=NC=C(C=C3)OC)Cl)F,COC1=CN=C(C(=O)NC2=CC(C3(C)CC(C(F)(F)F)OC(N)=N3)=C(F)C(Cl)=C2)C=C1
111,C[C@]1(C[C@H](OC(=N1)N)C(F)(F)F)C2=C(C(=CC(=C2)NC(=O)C3=NC=C(C=C3)OC)F)F,7.346787486,90373358,Active,CC1(CC(OC(=N1)N)C(F)(F)F)C2=C(C(=CC(=C2)NC(=O)C3=NC=C(C=C3)OC)F)F,COC1=CN=C(C(=O)NC2=CC(C3(C)CC(C(F)(F)F)OC(N)=N3)=C(F)C(F)=C2)C=C1
112,C[C@]1(C[C@H](OC(=N1)N)C(F)(F)F)C2=C(C(=CC(=C2)NC(=O)C3=NC=C(C=C3)OCC#C)F)F,7.610924375,90372809,Active,CC1(CC(OC(=N1)N)C(F)(F)F)C2=C(C(=CC(=C2)NC(=O)C3=NC=C(C=C3)OCC#C)F)F,C#CCOC1=CN=C(C(=O)NC2=CC(C3(C)CC(C(F)(F)F)OC(N)=N3)=C(F)C(F)=C2)C=C1
113,C[C@]1(C[C@H](OC(=N1)N)C(F)(F)F)C2=C(C(=CC(=C2)NC(=O)C3=NC=C(N=C3)C(F)F)Cl)F,7.207608311,90373163,Active,CC1(CC(OC(=N1)N)C(F)(F)F)C2=C(C(=CC(=C2)NC(=O)C3=NC=C(N=C3)C(F)F)Cl)F,CC1(C2=C(F)C(Cl)=CC(NC(=O)C3=NC=C(C(F)F)N=C3)=C2)CC(C(F)(F)F)OC(N)=N1
114,C[C@]1(C[C@H](OC(=N1)N)C(F)(F)F)C2=C(C(=CC(=C2)NC(=O)C3=NC=C(N=C3)C(F)F)F)F,7.230618906,90373194,Active,CC1(CC(OC(=N1)N)C(F)(F)F)C2=C(C(=CC(=C2)NC(=O)C3=NC=C(N=C3)C(F)F)F)F,CC1(C2=C(F)C(F)=CC(NC(=O)C3=NC=C(C(F)F)N=C3)=C2)CC(C(F)(F)F)OC(N)=N1
115,C[C@]1(C[C@H](OC(=N1)N)C(F)(F)F)C2=C(C(=CC(=C2)NC(=O)C3=NN(C=C3Cl)C(F)F)F)F,7.958607315,90372797,Active,CC1(CC(OC(=N1)N)C(F)(F)F)C2=C(C(=CC(=C2)NC(=O)C3=NN(C=C3Cl)C(F)F)F)F,CC1(C2=C(F)C(F)=CC(NC(=O)C3=NN(C(F)F)C=C3Cl)=C2)CC(C(F)(F)F)OC(N)=N1
116,C[C@]1(C[C@H](OC(=N1)N)C(F)(F)F)C2=C(C(=CC(=C2)NC3=C(C=CC=N3)OC)F)F,6.752026734,86732266,Active,CC1(CC(OC(=N1)N)C(F)(F)F)C2=C(C(=CC(=C2)NC3=C(C=CC=N3)OC)F)F,COC1=C(NC2=CC(C3(C)CC(C(F)(F)F)OC(N)=N3)=C(F)C(F)=C2)N=CC=C1
117,C[C@]1(C[C@H](OC(=N1)N)C(F)(F)F)C2=C(C(=CC(=C2)NC3=NC=C(C4=C3N=CC(=C4)C#N)F)F)F,7.522878745,86732246,Active,CC1(CC(OC(=N1)N)C(F)(F)F)C2=C(C(=CC(=C2)NC3=NC=C(C4=C3N=CC(=C4)C#N)F)F)F,CC1(C2=C(F)C(F)=CC(NC3=NC=C(F)C4=C3N=CC(C#N)=C4)=C2)CC(C(F)(F)F)OC(N)=N1
118,C[C@]1(C[C@H](OC(=N1)N)C(F)(F)F)C2=C(C(=CC(=C2)NC3=NC=CC4=CC(=CN=C43)C#N)F)F,7.853871964,90372912,Active,CC1(CC(OC(=N1)N)C(F)(F)F)C2=C(C(=CC(=C2)NC3=NC=CC4=CC(=CN=C43)C#N)F)F,CC1(C2=C(F)C(F)=CC(NC3=NC=CC4=CC(C#N)=CN=C34)=C2)CC(C(F)(F)F)OC(N)=N1
119,C[C@]1(C[C@H](OC(=N1)N)C(F)(F)F)C2=C(C(=CC(=C2)NC3=NC=CC4=CC(=CN=C43)Cl)F)F,7.677780705,86732245,Active,CC1(CC(OC(=N1)N)C(F)(F)F)C2=C(C(=CC(=C2)NC3=NC=CC4=CC(=CN=C43)Cl)F)F,CC1(C2=C(F)C(F)=CC(NC3=NC=CC4=CC(Cl)=CN=C34)=C2)CC(C(F)(F)F)OC(N)=N1
120,C[C@]1(C[C@H](OC(=N1)N)C(F)(F)F)C2=C(C(=CC(=C2)NC3=NC=CC4=CC(=CN=C43)OC)F)F,6.749579998,90382575,Active,CC1(CC(OC(=N1)N)C(F)(F)F)C2=C(C(=CC(=C2)NC3=NC=CC4=CC(=CN=C43)OC)F)F,COC1=CN=C2C(NC3=CC(C4(C)CC(C(F)(F)F)OC(N)=N4)=C(F)C(F)=C3)=NC=CC2=C1
121,C[C@]1(C[C@H](OC(=N1)N)C(F)(F)F)C2=C(C(=CC(=C2)NC3=NC=CC4=NC(=CN=C43)OC)F)F,7.207608311,86732247,Active,CC1(CC(OC(=N1)N)C(F)(F)F)C2=C(C(=CC(=C2)NC3=NC=CC4=NC(=CN=C43)OC)F)F,COC1=CN=C2C(NC3=CC(C4(C)CC(C(F)(F)F)OC(N)=N4)=C(F)C(F)=C3)=NC=CC2=N1
122,C[C@]1(C[C@H](OC(=N1)N)C(F)(F)F)C2=C(C=CC(=C2)NC(=O)C3=CN=C(C=N3)OCC#C)F,8.638272164,86732127,Active,CC1(CC(OC(=N1)N)C(F)(F)F)C2=C(C=CC(=C2)NC(=O)C3=CN=C(C=N3)OCC#C)F,C#CCOC1=NC=C(C(=O)NC2=CC(C3(C)CC(C(F)(F)F)OC(N)=N3)=C(F)C=C2)N=C1
123,C[C@]1(C[C@H](OC(=N1)N)C(F)(F)F)C2=C(C=CC(=C2)NC(=O)C3=NC=C(C=C3)[N+]#[C-])F,7.879426069,124221534,Active,CC1(CC(OC(=N1)N)C(F)(F)F)C2=C(C=CC(=C2)NC(=O)C3=NC=C(C=C3)[N+]#[C-])F,[C-]#[N+]C1=CN=C(C(=O)NC2=CC(C3(C)CC(C(F)(F)F)OC(N)=N3)=C(F)C=C2)C=C1
124,C[C@]1(C[C@H](OC(=N1)N)C(F)(F)F)C2=C(C=CC(=C2)NC(=O)C3=NC=C(C=C3)C#N)F,7.517126416,71305058,Active,CC1(CC(OC(=N1)N)C(F)(F)F)C2=C(C=CC(=C2)NC(=O)C3=NC=C(C=C3)C#N)F,CC1(C2=C(F)C=CC(NC(=O)C3=NC=C(C#N)C=C3)=C2)CC(C(F)(F)F)OC(N)=N1
125,C[C@]1(C[C@H](OC(=N1)N)C(F)(F)F)C2=C(C=CC(=C2)NC(=O)C3=NC=C(C=C3)Cl)F,7.593730483,71667461,Active,CC1(CC(OC(=N1)N)C(F)(F)F)C2=C(C=CC(=C2)NC(=O)C3=NC=C(C=C3)Cl)F,CC1(C2=C(F)C=CC(NC(=O)C3=NC=C(Cl)C=C3)=C2)CC(C(F)(F)F)OC(N)=N1
126,C[C@]1(C[C@H](OC(=N1)N)C(F)(F)F)C2=C(C=CC(=C2)NC(=O)C3=NC=C(C=C3)OCC#C)F,7.754487332,90373328,Active,CC1(CC(OC(=N1)N)C(F)(F)F)C2=C(C=CC(=C2)NC(=O)C3=NC=C(C=C3)OCC#C)F,C#CCOC1=CN=C(C(=O)NC2=CC(C3(C)CC(C(F)(F)F)OC(N)=N3)=C(F)C=C2)C=C1
127,C[C@]1(C[C@H](OC(=N1)N)C(F)(F)F)C2=C(C=CC(=C2)NC(=O)N3CCC(=CC3)C#CC4CC4)F,5.774690718,90372844,Active,CC1(CC(OC(=N1)N)C(F)(F)F)C2=C(C=CC(=C2)NC(=O)N3CCC(=CC3)C#CC4CC4)F,CC1(C2=C(F)C=CC(NC(=O)N3CC=C(C#CC4CC4)CC3)=C2)CC(C(F)(F)F)OC(N)=N1
128,C[C@]1(C[C@H](OC(=N1)N)C(F)(F)F)C2=C(C=CC(=C2)NC(=O)N3CCC(CC3)C(F)F)F,5.610833916,90372860,Active,CC1(CC(OC(=N1)N)C(F)(F)F)C2=C(C=CC(=C2)NC(=O)N3CCC(CC3)C(F)F)F,CC1(C2=C(F)C=CC(NC(=O)N3CCC(C(F)F)CC3)=C2)CC(C(F)(F)F)OC(N)=N1
129,C[C@]1(C[C@H](OC(=N1)N)C(F)(F)F)C2=C(C=CC(=C2)NC(=O)N3CCC(CC3)OC)F,4.253365801,86732158,Inactive,CC1(CC(OC(=N1)N)C(F)(F)F)C2=C(C=CC(=C2)NC(=O)N3CCC(CC3)OC)F,COC1CCN(C(=O)NC2=CC(C3(C)CC(C(F)(F)F)OC(N)=N3)=C(F)C=C2)CC1
130,C[C@]1(C[C@H](OC(=N1)N)C(F)(F)F)C2=C(C=CC(=C2)NC(=O)N3CCC(CC3)OCC#C)F,4.863279433,90372991,Inactive,CC1(CC(OC(=N1)N)C(F)(F)F)C2=C(C=CC(=C2)NC(=O)N3CCC(CC3)OCC#C)F,C#CCOC1CCN(C(=O)NC2=CC(C3(C)CC(C(F)(F)F)OC(N)=N3)=C(F)C=C2)CC1
131,C[C@]1(C[C@H](OC(=N1)N)C(F)(F)F)C2=C(C=CC(=C2)NC(=O)N3CCC=CC3)F,4.93930216,90373375,Inactive,CC1(CC(OC(=N1)N)C(F)(F)F)C2=C(C=CC(=C2)NC(=O)N3CCC=CC3)F,CC1(C2=C(F)C=CC(NC(=O)N3CC=CCC3)=C2)CC(C(F)(F)F)OC(N)=N1
132,C[C@]1(C[C@H](OC(=N1)N)C(F)(F)F)C2=C(C=CC(=C2)NC(=O)N3CCC4=CC=CC=C4C3)F,5.123205024,90372828,Active,CC1(CC(OC(=N1)N)C(F)(F)F)C2=C(C=CC(=C2)NC(=O)N3CCC4=CC=CC=C4C3)F,CC1(C2=C(F)C=CC(NC(=O)N3CCC4=CC=CC=C4C3)=C2)CC(C(F)(F)F)OC(N)=N1
133,C[C@]1(C[C@H](OC(=N1)N)C(F)(F)F)C2=C(C=CC(=C2)NC3=NC4=C(O3)C=CC(=C4)Cl)F,4.571865206,90373205,Inactive,CC1(CC(OC(=N1)N)C(F)(F)F)C2=C(C=CC(=C2)NC3=NC4=C(O3)C=CC(=C4)Cl)F,CC1(C2=C(F)C=CC(NC3=NC4=C(C=CC(Cl)=C4)O3)=C2)CC(C(F)(F)F)OC(N)=N1
134,C[C@]1(C[C@H](OC(=N1)N)C(F)(F)F)C2=C(C=CC(=N2)NC(=O)C3=C(C=C(C=N3)Br)Cl)F,7.473660723,90372823,Active,CC1(CC(OC(=N1)N)C(F)(F)F)C2=C(C=CC(=N2)NC(=O)C3=C(C=C(C=N3)Br)Cl)F,CC1(C2=C(F)C=CC(NC(=O)C3=C(Cl)C=C(Br)C=N3)=N2)CC(C(F)(F)F)OC(N)=N1
135,C[C@]1(C[C@H](OC(=N1)N)C(F)(F)F)C2=C(C=CC(=N2)NC(=O)C3=C(C=C(C=N3)C#N)Cl)F,7.725842151,78321445,Active,CC1(CC(OC(=N1)N)C(F)(F)F)C2=C(C=CC(=N2)NC(=O)C3=C(C=C(C=N3)C#N)Cl)F,CC1(C2=C(F)C=CC(NC(=O)C3=C(Cl)C=C(C#N)C=N3)=N2)CC(C(F)(F)F)OC(N)=N1
136,C[C@]1(C[C@H](OC(=N1)N)C(F)(F)F)C2=C(C=CC(=N2)NC(=O)C3=C(C=C(C=N3)C(F)(F)F)Cl)F,6.906578315,78321446,Active,CC1(CC(OC(=N1)N)C(F)(F)F)C2=C(C=CC(=N2)NC(=O)C3=C(C=C(C=N3)C(F)(F)F)Cl)F,CC1(C2=C(F)C=CC(NC(=O)C3=C(Cl)C=C(C(F)(F)F)C=N3)=N2)CC(C(F)(F)F)OC(N)=N1
137,C[C@]1(C[C@H](OC(=N1)N)C(F)(F)F)C2=C(C=CC(=N2)NC(=O)C3=C(C=C(C=N3)OC)Cl)F,6.595166283,90373241,Active,CC1(CC(OC(=N1)N)C(F)(F)F)C2=C(C=CC(=N2)NC(=O)C3=C(C=C(C=N3)OC)Cl)F,COC1=CC(Cl)=C(C(=O)NC2=NC(C3(C)CC(C(F)(F)F)OC(N)=N3)=C(F)C=C2)N=C1
138,C[C@]1(C[C@H](OC(=N1)N)C(F)(F)F)C2=C(C=CC(=N2)NC(=O)C3=CN=C(C=N3)OCC#C)F,7.595166283,90372933,Active,CC1(CC(OC(=N1)N)C(F)(F)F)C2=C(C=CC(=N2)NC(=O)C3=CN=C(C=N3)OCC#C)F,C#CCOC1=NC=C(C(=O)NC2=NC(C3(C)CC(C(F)(F)F)OC(N)=N3)=C(F)C=C2)N=C1
139,C[C@]1(C[C@H](OC(=N1)N)C(F)(F)F)C2=C(C=CC(=N2)NC(=O)C3=NC=C(C=C3)Cl)F,6.987162775,78321127,Active,CC1(CC(OC(=N1)N)C(F)(F)F)C2=C(C=CC(=N2)NC(=O)C3=NC=C(C=C3)Cl)F,CC1(C2=C(F)C=CC(NC(=O)C3=NC=C(Cl)C=C3)=N2)CC(C(F)(F)F)OC(N)=N1
140,C[C@]1(C[C@H](OC(=N1)N)C(F)(F)F)C2=C(C=CC(=N2)NC(=O)C3=NN(C=C3Cl)C(F)F)F,7.494850022,86296218,Active,CC1(CC(OC(=N1)N)C(F)(F)F)C2=C(C=CC(=N2)NC(=O)C3=NN(C=C3Cl)C(F)F)F,CC1(C2=C(F)C=CC(NC(=O)C3=NN(C(F)F)C=C3Cl)=N2)CC(C(F)(F)F)OC(N)=N1
141,C[C@]1(C[C@H](OC(=N1)N)C(F)(F)F)C2=C(C=CC(=N2)NC3=NC=C(C4=C3N=CC(=C4)C#N)F)F,6.725842151,78320807,Active,CC1(CC(OC(=N1)N)C(F)(F)F)C2=C(C=CC(=N2)NC3=NC=C(C4=C3N=CC(=C4)C#N)F)F,CC1(C2=C(F)C=CC(NC3=NC=C(F)C4=C3N=CC(C#N)=C4)=N2)CC(C(F)(F)F)OC(N)=N1
142,C[C@]1(C[C@H](OC(=N1)N)C(F)(F)F)C2=C(N=CC(=C2)NC(=O)C3=C(C=C(C=N3)C#N)Cl)F,7.218244625,86732133,Active,CC1(CC(OC(=N1)N)C(F)(F)F)C2=C(N=CC(=C2)NC(=O)C3=C(C=C(C=N3)C#N)Cl)F,CC1(C2=C(F)N=CC(NC(=O)C3=C(Cl)C=C(C#N)C=N3)=C2)CC(C(F)(F)F)OC(N)=N1
143,C[C@]1(C[C@H](OC(=N1)N)C(F)(F)F)C2=C(N=CC(=C2)NC(=O)C3=C(C=C(C=N3)Cl)Cl)F,7.124360063,78321449,Active,CC1(CC(OC(=N1)N)C(F)(F)F)C2=C(N=CC(=C2)NC(=O)C3=C(C=C(C=N3)Cl)Cl)F,CC1(C2=C(F)N=CC(NC(=O)C3=C(Cl)C=C(Cl)C=N3)=C2)CC(C(F)(F)F)OC(N)=N1
144,C[C@]1(C[C@H](OC(=N1)N)C(F)(F)F)C2=C(N=CC(=C2)NC(=O)C3=C(C=C(C=N3)OC)Cl)F,7.314258261,78321760,Active,CC1(CC(OC(=N1)N)C(F)(F)F)C2=C(N=CC(=C2)NC(=O)C3=C(C=C(C=N3)OC)Cl)F,COC1=CC(Cl)=C(C(=O)NC2=CC(C3(C)CC(C(F)(F)F)OC(N)=N3)=C(F)N=C2)N=C1
145,C[C@]1(C[C@H](OC(=N1)N)C(F)(F)F)C2=C(N=CC(=C2)NC(=O)C3=CN=C(C=N3)OC)F,6.991399828,90372971,Active,CC1(CC(OC(=N1)N)C(F)(F)F)C2=C(N=CC(=C2)NC(=O)C3=CN=C(C=N3)OC)F,COC1=NC=C(C(=O)NC2=CC(C3(C)CC(C(F)(F)F)OC(N)=N3)=C(F)N=C2)N=C1
146,C[C@]1(C[C@H](OC(=N1)N)C(F)(F)F)C2=C(N=CC(=C2)NC(=O)C3=CN=C(C=N3)OCC#C)F,8.327902142,90373033,Active,CC1(CC(OC(=N1)N)C(F)(F)F)C2=C(N=CC(=C2)NC(=O)C3=CN=C(C=N3)OCC#C)F,C#CCOC1=NC=C(C(=O)NC2=CC(C3(C)CC(C(F)(F)F)OC(N)=N3)=C(F)N=C2)N=C1
147,C[C@]1(C[C@H](OC(=N1)N)C(F)(F)F)C2=C(N=CC(=C2)NC(=O)C3=NC=C(C=C3)C#N)F,7.281498311,78321762,Active,CC1(CC(OC(=N1)N)C(F)(F)F)C2=C(N=CC(=C2)NC(=O)C3=NC=C(C=C3)C#N)F,CC1(C2=C(F)N=CC(NC(=O)C3=NC=C(C#N)C=C3)=C2)CC(C(F)(F)F)OC(N)=N1
148,C[C@]1(C[C@H](OC(=N1)N)C(F)(F)F)C2=C(N=CC(=C2)NC(=O)C3=NC=C(C=C3)Cl)OC,6.603800653,86732213,Active,CC1(CC(OC(=N1)N)C(F)(F)F)C2=C(N=CC(=C2)NC(=O)C3=NC=C(C=C3)Cl)OC,COC1=C(C2(C)CC(C(F)(F)F)OC(N)=N2)C=C(NC(=O)C2=NC=C(Cl)C=C2)C=N1
149,C[C@]1(C[C@H](OC(=N1)N)C(F)(F)F)C2=C(N=CC(=C2)NC(=O)C3=NC=C(C=C3)F)F,6.68613278,90372851,Active,CC1(CC(OC(=N1)N)C(F)(F)F)C2=C(N=CC(=C2)NC(=O)C3=NC=C(C=C3)F)F,CC1(C2=C(F)N=CC(NC(=O)C3=NC=C(F)C=C3)=C2)CC(C(F)(F)F)OC(N)=N1
150,C[C@]1(C[C@H](OC(=N1)N)C(F)(F)F)C2=C(N=CC(=C2)NC(=O)C3=NC=C(C=C3)OC)F,6.924453039,90373127,Active,CC1(CC(OC(=N1)N)C(F)(F)F)C2=C(N=CC(=C2)NC(=O)C3=NC=C(C=C3)OC)F,COC1=CN=C(C(=O)NC2=CC(C3(C)CC(C(F)(F)F)OC(N)=N3)=C(F)N=C2)C=C1
151,C[C@]1(C[C@H](OC(=N1)N)C(F)(F)F)C2=C(N=CC(=C2)NC(=O)C3=NC=C(C=C3)OCC(F)(F)F)F,7.102372909,90373216,Active,CC1(CC(OC(=N1)N)C(F)(F)F)C2=C(N=CC(=C2)NC(=O)C3=NC=C(C=C3)OCC(F)(F)F)F,CC1(C2=C(F)N=CC(NC(=O)C3=NC=C(OCC(F)(F)F)C=C3)=C2)CC(C(F)(F)F)OC(N)=N1
152,C[C@]1(C[C@H](OC(=N1)N)C(F)(F)F)C2=C(N=CC(=C2)NC(=O)C3=NN(C=C3Cl)C(F)F)F,7.619788758,78322384,Active,CC1(CC(OC(=N1)N)C(F)(F)F)C2=C(N=CC(=C2)NC(=O)C3=NN(C=C3Cl)C(F)F)F,CC1(C2=C(F)N=CC(NC(=O)C3=NN(C(F)F)C=C3Cl)=C2)CC(C(F)(F)F)OC(N)=N1
153,C[C@]1(C[C@H](OC(=N1)N)C(F)(F)F)C2=C(N=CC(=C2)NC3=NC=C(C4=C3N=CC(=C4)C#N)F)F,7.212539525,86732134,Active,CC1(CC(OC(=N1)N)C(F)(F)F)C2=C(N=CC(=C2)NC3=NC=C(C4=C3N=CC(=C4)C#N)F)F,CC1(C2=C(F)N=CC(NC3=NC=C(F)C4=C3N=CC(C#N)=C4)=C2)CC(C(F)(F)F)OC(N)=N1
154,C[C@]1(C[C@H](OC(=N1)N)C(F)(F)F)C2=C(N=CC(=C2)NC3=NC=CC4=CC(=CN=C43)C#N)F,7.019542108,78320809,Active,CC1(CC(OC(=N1)N)C(F)(F)F)C2=C(N=CC(=C2)NC3=NC=CC4=CC(=CN=C43)C#N)F,CC1(C2=C(F)N=CC(NC3=NC=CC4=CC(C#N)=CN=C34)=C2)CC(C(F)(F)F)OC(N)=N1
155,C[C@]1(C[C@H](OC(=N1)N)C(F)(F)F)C2=C(N=CC(=C2)NC3=NC=CC4=CC(=CN=C43)Cl)F,7.482804102,78321122,Active,CC1(CC(OC(=N1)N)C(F)(F)F)C2=C(N=CC(=C2)NC3=NC=CC4=CC(=CN=C43)Cl)F,CC1(C2=C(F)N=CC(NC3=NC=CC4=CC(Cl)=CN=C34)=C2)CC(C(F)(F)F)OC(N)=N1
156,C[C@]1(C[C@H](OC(=N1)N)C(F)(F)F)C2=C(N=CC(=C2)NC3=NC=NC4=C3N=CC(=C4)C#N)F,6.434152181,78320810,Active,CC1(CC(OC(=N1)N)C(F)(F)F)C2=C(N=CC(=C2)NC3=NC=NC4=C3N=CC(=C4)C#N)F,CC1(C2=C(F)N=CC(NC3=NC=NC4=C3N=CC(C#N)=C4)=C2)CC(C(F)(F)F)OC(N)=N1
157,C[C@]1(C[C@H](OC(=N1)N)C(F)(F)F)C2=C(N=CC(=C2)NC3=NC=NC4=C3N=CC(=C4)Cl)F,7.055517328,78320811,Active,CC1(CC(OC(=N1)N)C(F)(F)F)C2=C(N=CC(=C2)NC3=NC=NC4=C3N=CC(=C4)Cl)F,CC1(C2=C(F)N=CC(NC3=NC=NC4=C3N=CC(Cl)=C4)=C2)CC(C(F)(F)F)OC(N)=N1
158,C[C@]1(C[C@H](OC(=N1)N)C(F)(F)F)C2=CC(=CN(C2=O)C)NC(=O)C3=NC=C(C=C3)[N+]#[C-],6.621602099,124221530,Active,CC1(CC(OC(=N1)N)C(F)(F)F)C2=CC(=CN(C2=O)C)NC(=O)C3=NC=C(C=C3)[N+]#[C-],[C-]#[N+]C1=CN=C(C(=O)NC2=CN(C)C(=O)C(C3(C)CC(C(F)(F)F)OC(N)=N3)=C2)C=C1
159,C[C@]1(C[C@H](OC(=N1)N)C(F)(F)F)C2=CC(=CN(C2=O)C)NC(=O)C3=NC=C(C=C3)Cl,6.436518915,86732216,Active,CC1(CC(OC(=N1)N)C(F)(F)F)C2=CC(=CN(C2=O)C)NC(=O)C3=NC=C(C=C3)Cl,CN1C=C(NC(=O)C2=NC=C(Cl)C=C2)C=C(C2(C)CC(C(F)(F)F)OC(N)=N2)C1=O
160,C[C@]1(C[C@H](OC(=N1)NC(=O)C2=CC=CC=C2)C(F)(F)F)C3=C(C=CC(=C3)NC(=O)C4=CN=C(C=N4)OC)F,7.522878745,90372784,Active,CC1(CC(OC(=N1)NC(=O)C2=CC=CC=C2)C(F)(F)F)C3=C(C=CC(=C3)NC(=O)C4=CN=C(C=N4)OC)F,COC1=NC=C(C(=O)NC2=CC(C3(C)CC(C(F)(F)F)OC(NC(=O)C4=CC=CC=C4)=N3)=C(F)C=C2)N=C1
161,CC1=C(N=C2N1C=C(C=C2)Cl)C(=O)NC3=CC(=C(C=C3)F)[C@@]4(C[C@H](OC(=N4)N)C(F)(F)F)CF,7.443697499,86732111,Active,CC1=C(N=C2N1C=C(C=C2)Cl)C(=O)NC3=CC(=C(C=C3)F)C4(CC(OC(=N4)N)C(F)(F)F)CF,CC1=C(C(=O)NC2=CC(C3(CF)CC(C(F)(F)F)OC(N)=N3)=C(F)C=C2)N=C2C=CC(Cl)=CN12
162,CC1=C(N=C2N1C=CC=C2)C(=O)NC3=CC(=C(C=C3)F)[C@@]4(C[C@H](OC(=N4)N)C(F)(F)F)CF,5.818156412,78320808,Active,CC1=C(N=C2N1C=CC=C2)C(=O)NC3=CC(=C(C=C3)F)C4(CC(OC(=N4)N)C(F)(F)F)CF,CC1=C(C(=O)NC2=CC(C3(CF)CC(C(F)(F)F)OC(N)=N3)=C(F)C=C2)N=C2C=CC=CN12
163,CC1=CC(=CC(=C1F)[C@@]2(C[C@H](OC(=N2)N)C(F)(F)F)CF)NC(=O)C3=C(C=C(C=N3)Cl)OC,7.040958608,90372989,Active,CC1=CC(=CC(=C1F)C2(CC(OC(=N2)N)C(F)(F)F)CF)NC(=O)C3=C(C=C(C=N3)Cl)OC,COC1=C(C(=O)NC2=CC(C3(CF)CC(C(F)(F)F)OC(N)=N3)=C(F)C(C)=C2)N=CC(Cl)=C1
164,CC1=CC(=CC(=C1F)[C@@]2(C[C@H](OC(=N2)N)C(F)(F)F)CF)NC(=O)C3=CN=C(C=N3)OC,7.522878745,90372867,Active,CC1=CC(=CC(=C1F)C2(CC(OC(=N2)N)C(F)(F)F)CF)NC(=O)C3=CN=C(C=N3)OC,COC1=NC=C(C(=O)NC2=CC(C3(CF)CC(C(F)(F)F)OC(N)=N3)=C(F)C(C)=C2)N=C1
165,CC1=CC(=CC(=C1F)[C@@]2(C[C@H](OC(=N2)N)C(F)(F)F)CF)NC(=O)C3=CN=C(C=N3)OCC#C,9.0,90372825,Active,CC1=CC(=CC(=C1F)C2(CC(OC(=N2)N)C(F)(F)F)CF)NC(=O)C3=CN=C(C=N3)OCC#C,C#CCOC1=NC=C(C(=O)NC2=CC(C3(CF)CC(C(F)(F)F)OC(N)=N3)=C(F)C(C)=C2)N=C1
166,CC1=CC(=CC(=C1F)[C@@]2(C[C@H](OC(=N2)N)C(F)(F)F)CF)NC(=O)C3=NC=C(C=C3)C#N,7.244125144,90373287,Active,CC1=CC(=CC(=C1F)C2(CC(OC(=N2)N)C(F)(F)F)CF)NC(=O)C3=NC=C(C=C3)C#N,CC1=CC(NC(=O)C2=NC=C(C#N)C=C2)=CC(C2(CF)CC(C(F)(F)F)OC(N)=N2)=C1F
167,CC1=CC(=CC(=C1F)[C@@]2(C[C@H](OC(=N2)N)C(F)(F)F)CF)NC(=O)C3=NC=C(C=C3)C(F)F,7.13667714,90372979,Active,CC1=CC(=CC(=C1F)C2(CC(OC(=N2)N)C(F)(F)F)CF)NC(=O)C3=NC=C(C=C3)C(F)F,CC1=CC(NC(=O)C2=NC=C(C(F)F)C=C2)=CC(C2(CF)CC(C(F)(F)F)OC(N)=N2)=C1F
168,CC1=CC(=CC(=C1F)[C@@]2(C[C@H](OC(=N2)N)C(F)(F)F)CF)NC(=O)C3=NC=C(C=C3)Cl,7.886056648,90373023,Active,CC1=CC(=CC(=C1F)C2(CC(OC(=N2)N)C(F)(F)F)CF)NC(=O)C3=NC=C(C=C3)Cl,CC1=CC(NC(=O)C2=NC=C(Cl)C=C2)=CC(C2(CF)CC(C(F)(F)F)OC(N)=N2)=C1F
169,CC1=CC(=CC(=C1F)[C@@]2(C[C@H](OC(=N2)N)C(F)(F)F)CF)NC(=O)C3=NC=C(C=C3)F,7.244125144,90372913,Active,CC1=CC(=CC(=C1F)C2(CC(OC(=N2)N)C(F)(F)F)CF)NC(=O)C3=NC=C(C=C3)F,CC1=CC(NC(=O)C2=NC=C(F)C=C2)=CC(C2(CF)CC(C(F)(F)F)OC(N)=N2)=C1F
170,CC1=CC(=CC(=C1F)[C@@]2(C[C@H](OC(=N2)N)C(F)(F)F)CF)NC(=O)C3=NC=C(C=C3)OC,7.356547324,90373367,Active,CC1=CC(=CC(=C1F)C2(CC(OC(=N2)N)C(F)(F)F)CF)NC(=O)C3=NC=C(C=C3)OC,COC1=CN=C(C(=O)NC2=CC(C3(CF)CC(C(F)(F)F)OC(N)=N3)=C(F)C(C)=C2)C=C1
171,CC1=CC(=CC(=C1F)[C@@]2(C[C@H](OC(=N2)N)C(F)(F)F)CF)NC(=O)C3=NC=C(C=C3C)C#N,7.698970004,90373412,Active,CC1=CC(=CC(=C1F)C2(CC(OC(=N2)N)C(F)(F)F)CF)NC(=O)C3=NC=C(C=C3C)C#N,CC1=CC(C#N)=CN=C1C(=O)NC1=CC(C2(CF)CC(C(F)(F)F)OC(N)=N2)=C(F)C(C)=C1
172,CC1=CC(=CC(=C1F)[C@@]2(C[C@H](OC(=N2)N)C(F)(F)F)CF)NC(=O)C3=NC=C(C=C3C)C(F)F,7.026872146,86732264,Active,CC1=CC(=CC(=C1F)C2(CC(OC(=N2)N)C(F)(F)F)CF)NC(=O)C3=NC=C(C=C3C)C(F)F,CC1=CC(C(F)F)=CN=C1C(=O)NC1=CC(C2(CF)CC(C(F)(F)F)OC(N)=N2)=C(F)C(C)=C1
173,CC1=CC(=CC(=C1F)[C@@]2(C[C@H](OC(=N2)N)C(F)(F)F)CF)NC(=O)C3=NC=C(C=C3C)OC,7.318758763,90373497,Active,CC1=CC(=CC(=C1F)C2(CC(OC(=N2)N)C(F)(F)F)CF)NC(=O)C3=NC=C(C=C3C)OC,COC1=CN=C(C(=O)NC2=CC(C3(CF)CC(C(F)(F)F)OC(N)=N3)=C(F)C(C)=C2)C(C)=C1
174,CC1=CC(=CC(=C1F)[C@@]2(C[C@H](OC(=N2)N)C(F)(F)F)CF)NC(=O)C3=NC=C(C=C3C)OC(F)F,7.494850022,90373136,Active,CC1=CC(=CC(=C1F)C2(CC(OC(=N2)N)C(F)(F)F)CF)NC(=O)C3=NC=C(C=C3C)OC(F)F,CC1=CC(OC(F)F)=CN=C1C(=O)NC1=CC(C2(CF)CC(C(F)(F)F)OC(N)=N2)=C(F)C(C)=C1
175,CC1=CC(=CC(=C1F)[C@@]2(C[C@H](OC(=N2)N)C(F)(F)F)CF)NC(=O)C3=NC=C(C=C3C)OCC(F)(F)F,7.180456064,90372973,Active,CC1=CC(=CC(=C1F)C2(CC(OC(=N2)N)C(F)(F)F)CF)NC(=O)C3=NC=C(C=C3C)OCC(F)(F)F,CC1=CC(OCC(F)(F)F)=CN=C1C(=O)NC1=CC(C2(CF)CC(C(F)(F)F)OC(N)=N2)=C(F)C(C)=C1
176,CC1=CC(=CC(=C1F)[C@@]2(C[C@H](OC(=N2)N)C(F)(F)F)CF)NC(=O)C3=NC=C(N=C3C)OC,7.091514981,90373037,Active,CC1=CC(=CC(=C1F)C2(CC(OC(=N2)N)C(F)(F)F)CF)NC(=O)C3=NC=C(N=C3C)OC,COC1=CN=C(C(=O)NC2=CC(C3(CF)CC(C(F)(F)F)OC(N)=N3)=C(F)C(C)=C2)C(C)=N1
177,CC1=CC(=CC(=C1F)[C@@]2(C[C@H](OC(=N2)N)C(F)(F)F)CF)NC3=NC=NC4=C3N=CC(=C4)Cl,7.30980392,86732265,Active,CC1=CC(=CC(=C1F)C2(CC(OC(=N2)N)C(F)(F)F)CF)NC3=NC=NC4=C3N=CC(=C4)Cl,CC1=CC(NC2=NC=NC3=C2N=CC(Cl)=C3)=CC(C2(CF)CC(C(F)(F)F)OC(N)=N2)=C1F
178,CC1=CC(=CN=C1C(=O)NC2=CC(=C(C(=C2)Cl)F)[C@@]3(C[C@H](OC(=N3)N)C(F)(F)F)C)C#N,7.958607315,90373224,Active,CC1=CC(=CN=C1C(=O)NC2=CC(=C(C(=C2)Cl)F)C3(CC(OC(=N3)N)C(F)(F)F)C)C#N,CC1=CC(C#N)=CN=C1C(=O)NC1=CC(C2(C)CC(C(F)(F)F)OC(N)=N2)=C(F)C(Cl)=C1
179,CC1=CC(=CN=C1C(=O)NC2=CC(=C(C(=C2)F)F)[C@@]3(C[C@H](OC(=N3)N)C(F)(F)F)C)C#N,7.853871964,78322707,Active,CC1=CC(=CN=C1C(=O)NC2=CC(=C(C(=C2)F)F)C3(CC(OC(=N3)N)C(F)(F)F)C)C#N,CC1=CC(C#N)=CN=C1C(=O)NC1=CC(C2(C)CC(C(F)(F)F)OC(N)=N2)=C(F)C(F)=C1
180,CC1=CC(=CN=C1C(=O)NC2=CC(=C(C(=C2)F)F)[C@@]3(C[C@H](OC(=N3)N)C(F)(F)F)C)C(F)F,7.366531544,78323012,Active,CC1=CC(=CN=C1C(=O)NC2=CC(=C(C(=C2)F)F)C3(CC(OC(=N3)N)C(F)(F)F)C)C(F)F,CC1=CC(C(F)F)=CN=C1C(=O)NC1=CC(C2(C)CC(C(F)(F)F)OC(N)=N2)=C(F)C(F)=C1
181,CC1=CC(=CN=C1C(=O)NC2=CC(=C(C(=C2)F)F)[C@@]3(C[C@H](OC(=N3)N)C(F)(F)F)C)Cl,8.022276395,90372965,Active,CC1=CC(=CN=C1C(=O)NC2=CC(=C(C(=C2)F)F)C3(CC(OC(=N3)N)C(F)(F)F)C)Cl,CC1=CC(Cl)=CN=C1C(=O)NC1=CC(C2(C)CC(C(F)(F)F)OC(N)=N2)=C(F)C(F)=C1
182,CC1=CC(=CN=C1C(=O)NC2=CC(=C(C(=C2)F)F)[C@@]3(C[C@H](OC(=N3)N)C(F)(F)F)C)OC,7.214670165,90372954,Active,CC1=CC(=CN=C1C(=O)NC2=CC(=C(C(=C2)F)F)C3(CC(OC(=N3)N)C(F)(F)F)C)OC,COC1=CN=C(C(=O)NC2=CC(C3(C)CC(C(F)(F)F)OC(N)=N3)=C(F)C(F)=C2)C(C)=C1
183,CC1=CC(=CN=C1C(=O)NC2=CC(=C(C(=C2)F)F)[C@@]3(C[C@H](OC(=N3)N)C(F)(F)F)C)OC(F)F,7.537602002,90372894,Active,CC1=CC(=CN=C1C(=O)NC2=CC(=C(C(=C2)F)F)C3(CC(OC(=N3)N)C(F)(F)F)C)OC(F)F,CC1=CC(OC(F)F)=CN=C1C(=O)NC1=CC(C2(C)CC(C(F)(F)F)OC(N)=N2)=C(F)C(F)=C1
184,CC1=CC(=CN=C1C(=O)NC2=CC(=C(C(=C2)F)F)[C@@]3(C[C@H](OC(=N3)N)C(F)(F)F)C)OCC(F)(F)F,6.806875402,90373125,Active,CC1=CC(=CN=C1C(=O)NC2=CC(=C(C(=C2)F)F)C3(CC(OC(=N3)N)C(F)(F)F)C)OCC(F)(F)F,CC1=CC(OCC(F)(F)F)=CN=C1C(=O)NC1=CC(C2(C)CC(C(F)(F)F)OC(N)=N2)=C(F)C(F)=C1
185,CC1=CC(=CN=C1C(=O)NC2=CC(=C(C(=C2)F)F)[C@@]3(C[C@H](OC(=N3)N)C(F)(F)F)C)OCC4CC4,7.013228266,90372920,Active,CC1=CC(=CN=C1C(=O)NC2=CC(=C(C(=C2)F)F)C3(CC(OC(=N3)N)C(F)(F)F)C)OCC4CC4,CC1=CC(OCC2CC2)=CN=C1C(=O)NC1=CC(C2(C)CC(C(F)(F)F)OC(N)=N2)=C(F)C(F)=C1
186,CC1=CC(=CN=C1C(=O)NC2=CC(=C(C(=C2)F)F)[C@@]3(C[C@H](OC(=N3)N)C(F)(F)F)CF)C#N,7.795880017,90373270,Active,CC1=CC(=CN=C1C(=O)NC2=CC(=C(C(=C2)F)F)C3(CC(OC(=N3)N)C(F)(F)F)CF)C#N,CC1=CC(C#N)=CN=C1C(=O)NC1=CC(C2(CF)CC(C(F)(F)F)OC(N)=N2)=C(F)C(F)=C1
187,CC1=CC(=CN=C1C(=O)NC2=CC(=C(C=C2)F)[C@@]3(C[C@H](OC(=N3)N)C(F)(F)F)C)Cl,7.782516056,78322073,Active,CC1=CC(=CN=C1C(=O)NC2=CC(=C(C=C2)F)C3(CC(OC(=N3)N)C(F)(F)F)C)Cl,CC1=CC(Cl)=CN=C1C(=O)NC1=CC(C2(C)CC(C(F)(F)F)OC(N)=N2)=C(F)C=C1
188,CC1=CC(=CN=C1C(=O)NC2=CC(=C(C=C2)F)[C@@]3(C[C@H](OC(=N3)N)C(F)(F)F)CF)Cl,8.096910013,86732142,Active,CC1=CC(=CN=C1C(=O)NC2=CC(=C(C=C2)F)C3(CC(OC(=N3)N)C(F)(F)F)CF)Cl,CC1=CC(Cl)=CN=C1C(=O)NC1=CC(C2(CF)CC(C(F)(F)F)OC(N)=N2)=C(F)C=C1
189,CC1=CC(=CN=C1C(=O)NC2=CC(=C(C=C2)F)[C@@]3(C[C@H](OC(=N3)N)C(F)(F)F)CF)OC(F)F,7.585026652,90372938,Active,CC1=CC(=CN=C1C(=O)NC2=CC(=C(C=C2)F)C3(CC(OC(=N3)N)C(F)(F)F)CF)OC(F)F,CC1=CC(OC(F)F)=CN=C1C(=O)NC1=CC(C2(CF)CC(C(F)(F)F)OC(N)=N2)=C(F)C=C1
190,CC1=CC(=CN=C1C(=O)NC2=CC(=C(C=C2)F)[C@@]3(C[C@H](OC(=N3)N)C(F)(F)F)CF)OCC4CC4,7.405114522,90373221,Active,CC1=CC(=CN=C1C(=O)NC2=CC(=C(C=C2)F)C3(CC(OC(=N3)N)C(F)(F)F)CF)OCC4CC4,CC1=CC(OCC2CC2)=CN=C1C(=O)NC1=CC(C2(CF)CC(C(F)(F)F)OC(N)=N2)=C(F)C=C1
191,CC1=CC(=CN=C1C(=O)NC2=CC(=C(N=C2)F)[C@@]3(C[C@H](OC(=N3)N)C(F)(F)F)C)C#N,7.458420756,78321761,Active,CC1=CC(=CN=C1C(=O)NC2=CC(=C(N=C2)F)C3(CC(OC(=N3)N)C(F)(F)F)C)C#N,CC1=CC(C#N)=CN=C1C(=O)NC1=CC(C2(C)CC(C(F)(F)F)OC(N)=N2)=C(F)N=C1
192,CC1=CC(=CN=C1C(=O)NC2=CC(=C(N=C2)F)[C@@]3(C[C@H](OC(=N3)N)C(F)(F)F)C)Cl,7.258060922,78322074,Active,CC1=CC(=CN=C1C(=O)NC2=CC(=C(N=C2)F)C3(CC(OC(=N3)N)C(F)(F)F)C)Cl,CC1=CC(Cl)=CN=C1C(=O)NC1=CC(C2(C)CC(C(F)(F)F)OC(N)=N2)=C(F)N=C1
193,CC1=CC(=CN=C1C(=O)NC2=CC(=C(N=C2)F)[C@@]3(C[C@H](OC(=N3)N)C(F)(F)F)CF)C#N,6.946921557,86732198,Active,CC1=CC(=CN=C1C(=O)NC2=CC(=C(N=C2)F)C3(CC(OC(=N3)N)C(F)(F)F)CF)C#N,CC1=CC(C#N)=CN=C1C(=O)NC1=CC(C2(CF)CC(C(F)(F)F)OC(N)=N2)=C(F)N=C1
194,CC1=CC(=CN=C1C(=O)NC2=CN(C(=O)C(=C2)[C@@]3(C[C@H](OC(=N3)N)C(F)(F)F)C)C)[N+]#[C-],6.91721463,124221531,Active,CC1=CC(=CN=C1C(=O)NC2=CN(C(=O)C(=C2)C3(CC(OC(=N3)N)C(F)(F)F)C)C)[N+]#[C-],[C-]#[N+]C1=CN=C(C(=O)NC2=CN(C)C(=O)C(C3(C)CC(C(F)(F)F)OC(N)=N3)=C2)C(C)=C1
195,CC1=CC(=CN=C1C(=O)NC2=NC(=C(C=C2)F)[C@@]3(C[C@H](OC(=N3)N)C(F)(F)F)C)C#N,7.562249437,78321126,Active,CC1=CC(=CN=C1C(=O)NC2=NC(=C(C=C2)F)C3(CC(OC(=N3)N)C(F)(F)F)C)C#N,CC1=CC(C#N)=CN=C1C(=O)NC1=NC(C2(C)CC(C(F)(F)F)OC(N)=N2)=C(F)C=C1
196,CC1=CC(=CN=C1C(=O)NC2=NC(=C(C=C2)F)[C@@]3(C[C@H](OC(=N3)N)C(F)(F)F)C)OC(F)F,6.987162775,90372943,Active,CC1=CC(=CN=C1C(=O)NC2=NC(=C(C=C2)F)C3(CC(OC(=N3)N)C(F)(F)F)C)OC(F)F,CC1=CC(OC(F)F)=CN=C1C(=O)NC1=NC(C2(C)CC(C(F)(F)F)OC(N)=N2)=C(F)C=C1
197,CC1=CC(=CN=C1C(=S)NC2=CC(=C(C=C2)F)[C@@]3(C[C@H](OC(=N3)N)C(F)(F)F)CF)Cl,5.754487332,78321448,Active,CC1=CC(=CN=C1C(=S)NC2=CC(=C(C=C2)F)C3(CC(OC(=N3)N)C(F)(F)F)CF)Cl,CC1=CC(Cl)=CN=C1C(=S)NC1=CC(C2(CF)CC(C(F)(F)F)OC(N)=N2)=C(F)C=C1
198,CC1=NC(=CN=C1C(=O)NC2=CC(=C(C(=C2)Cl)F)[C@@]3(C[C@H](OC(=N3)N)C(F)(F)F)C)OC,7.318758763,90373505,Active,CC1=NC(=CN=C1C(=O)NC2=CC(=C(C(=C2)Cl)F)C3(CC(OC(=N3)N)C(F)(F)F)C)OC,COC1=CN=C(C(=O)NC2=CC(C3(C)CC(C(F)(F)F)OC(N)=N3)=C(F)C(Cl)=C2)C(C)=N1
199,CC1=NC(=CN=C1C(=O)NC2=CC(=C(C(=C2)F)F)[C@@]3(C[C@H](OC(=N3)N)C(F)(F)F)C)OC,6.928117993,90373110,Active,CC1=NC(=CN=C1C(=O)NC2=CC(=C(C(=C2)F)F)C3(CC(OC(=N3)N)C(F)(F)F)C)OC,COC1=CN=C(C(=O)NC2=CC(C3(C)CC(C(F)(F)F)OC(N)=N3)=C(F)C(F)=C2)C(C)=N1
200,CC1=NC(=CN=C1C(=O)NC2=CC(=C(C(=C2)F)F)[C@@]3(C[C@H](OC(=N3)N)C(F)(F)F)C)OCC(F)(F)F,7.568636236,90372862,Active,CC1=NC(=CN=C1C(=O)NC2=CC(=C(C(=C2)F)F)C3(CC(OC(=N3)N)C(F)(F)F)C)OCC(F)(F)F,CC1=NC(OCC(F)(F)F)=CN=C1C(=O)NC1=CC(C2(C)CC(C(F)(F)F)OC(N)=N2)=C(F)C(F)=C1
201,CC1=NC(=CN=C1C(=O)NC2=CC(=C(C=C2)F)[C@@]3(C[C@H](OC(=N3)N)C(F)(F)F)CF)OC,7.133122186,78321765,Active,CC1=NC(=CN=C1C(=O)NC2=CC(=C(C=C2)F)C3(CC(OC(=N3)N)C(F)(F)F)CF)OC,COC1=CN=C(C(=O)NC2=CC(C3(CF)CC(C(F)(F)F)OC(N)=N3)=C(F)C=C2)C(C)=N1
202,CC1=NC(=CN=C1C(=O)NC2=CC(=C(C=C2)F)[C@@]3(C[C@H](OC(=N3)N)C(F)(F)F)CF)OCC(F)(F)F,7.30980392,90373296,Active,CC1=NC(=CN=C1C(=O)NC2=CC(=C(C=C2)F)C3(CC(OC(=N3)N)C(F)(F)F)CF)OCC(F)(F)F,CC1=NC(OCC(F)(F)F)=CN=C1C(=O)NC1=CC(C2(CF)CC(C(F)(F)F)OC(N)=N2)=C(F)C=C1
203,CNC(=O)C1=CC(=NC=C1)OC2=CC(=C(C=C2)F)[C@@]3(C[C@H](OC(=N3)N)C(F)(F)F)CF,5.089909454,90373057,Active,CNC(=O)C1=CC(=NC=C1)OC2=CC(=C(C=C2)F)C3(CC(OC(=N3)N)C(F)(F)F)CF,CNC(=O)C1=CC(OC2=CC(C3(CF)CC(C(F)(F)F)OC(N)=N3)=C(F)C=C2)=NC=C1
204,CNC(=O)C1=CN=C(C=C1)C#CC2=CC(=C(C=C2)F)[C@@]3(C[C@H](OC(=N3)N)C(F)(F)F)CF,4.575118363,90372865,Inactive,CNC(=O)C1=CN=C(C=C1)C#CC2=CC(=C(C=C2)F)C3(CC(OC(=N3)N)C(F)(F)F)CF,CNC(=O)C1=CN=C(C#CC2=CC(C3(CF)CC(C(F)(F)F)OC(N)=N3)=C(F)C=C2)C=C1
205,COC(=O)C1=CC(=NC=C1)OC2=CC(=C(C=C2)F)[C@@]3(C[C@H](OC(=N3)N)C(F)(F)F)CF,5.628433341,90372961,Active,COC(=O)C1=CC(=NC=C1)OC2=CC(=C(C=C2)F)C3(CC(OC(=N3)N)C(F)(F)F)CF,COC(=O)C1=CC(OC2=CC(C3(CF)CC(C(F)(F)F)OC(N)=N3)=C(F)C=C2)=NC=C1
206,COC1=C(N=CC(=C1)C#N)C(=O)NC2=CC(=C(C=C2)F)[C@@]3(C[C@H](OC(=N3)N)C(F)(F)F)CF,7.378823718,90373184,Active,COC1=C(N=CC(=C1)C#N)C(=O)NC2=CC(=C(C=C2)F)C3(CC(OC(=N3)N)C(F)(F)F)CF,COC1=C(C(=O)NC2=CC(C3(CF)CC(C(F)(F)F)OC(N)=N3)=C(F)C=C2)N=CC(C#N)=C1
207,COC1=C(N=CC(=C1)Cl)C(=O)NC2=CC(=C(C=C2)F)[C@@]3(C[C@H](OC(=N3)N)C(F)(F)F)CF,7.248720896,78321764,Active,COC1=C(N=CC(=C1)Cl)C(=O)NC2=CC(=C(C=C2)F)C3(CC(OC(=N3)N)C(F)(F)F)CF,COC1=C(C(=O)NC2=CC(C3(CF)CC(C(F)(F)F)OC(N)=N3)=C(F)C=C2)N=CC(Cl)=C1
208,COC1=C(N=CC=C1)NC2=CC(=C(C=C2)F)[C@@]3(C[C@H](OC(=N3)N)C(F)(F)F)CF,6.782516056,90373428,Active,COC1=C(N=CC=C1)NC2=CC(=C(C=C2)F)C3(CC(OC(=N3)N)C(F)(F)F)CF,COC1=C(NC2=CC(C3(CF)CC(C(F)(F)F)OC(N)=N3)=C(F)C=C2)N=CC=C1
209,COC1=CC(=C(N=C1)C(=O)NC2=CC(=C(C=C2)F)[C@@]3(C[C@H](OC(=N3)N)C(F)(F)F)CF)Cl,7.623423043,78321124,Active,COC1=CC(=C(N=C1)C(=O)NC2=CC(=C(C=C2)F)C3(CC(OC(=N3)N)C(F)(F)F)CF)Cl,COC1=CC(Cl)=C(C(=O)NC2=CC(C3(CF)CC(C(F)(F)F)OC(N)=N3)=C(F)C=C2)N=C1
210,COC1=CC2=C(C(=NC=N2)NC3=CC(=C(C=C3)F)[C@@]4(C[C@H](OC(=N4)N)C(F)(F)F)CF)N=C1,7.141462802,90373214,Active,COC1=CC2=C(C(=NC=N2)NC3=CC(=C(C=C3)F)C4(CC(OC(=N4)N)C(F)(F)F)CF)N=C1,COC1=CC2=C(N=C1)C(NC1=CC(C3(CF)CC(C(F)(F)F)OC(N)=N3)=C(F)C=C1)=NC=N2
211,COC1=CN=C(C=C1)C(=O)NC2=CC(=C(C(=C2)F)F)[C@@]3(C[C@H](OC(=N3)N)C(F)(F)F)CF,7.207608311,90372905,Active,COC1=CN=C(C=C1)C(=O)NC2=CC(=C(C(=C2)F)F)C3(CC(OC(=N3)N)C(F)(F)F)CF,COC1=CN=C(C(=O)NC2=CC(C3(CF)CC(C(F)(F)F)OC(N)=N3)=C(F)C(F)=C2)C=C1
212,COC1=CN=C(C=C1)C(=O)NC2=CC(=C(C=C2)F)[C@@]3(C[C@H](OC(=N3)N)C(F)(F)F)CF,7.537602002,71668050,Active,COC1=CN=C(C=C1)C(=O)NC2=CC(=C(C=C2)F)C3(CC(OC(=N3)N)C(F)(F)F)CF,COC1=CN=C(C(=O)NC2=CC(C3(CF)CC(C(F)(F)F)OC(N)=N3)=C(F)C=C2)C=C1
213,COC1=CN=C(C=C1)C(=O)NC2=CC(=C(N=C2)F)[C@@]3(C[C@H](OC(=N3)N)C(F)(F)F)CF,6.943095149,86732200,Active,COC1=CN=C(C=C1)C(=O)NC2=CC(=C(N=C2)F)C3(CC(OC(=N3)N)C(F)(F)F)CF,COC1=CN=C(C(=O)NC2=CC(C3(CF)CC(C(F)(F)F)OC(N)=N3)=C(F)N=C2)C=C1
214,COC1=CN=C(C=C1)C(=O)NC2=CC=CC(=C2)[C@@]3(C[C@H](OC(=N3)N)C(F)(F)F)CF,6.476253533,90372790,Active,COC1=CN=C(C=C1)C(=O)NC2=CC=CC(=C2)C3(CC(OC(=N3)N)C(F)(F)F)CF,COC1=CN=C(C(=O)NC2=CC=CC(C3(CF)CC(C(F)(F)F)OC(N)=N3)=C2)C=C1
215,COC1=CN=C2C(=C1)C=CN=C2NC3=CC(=C(C=C3)F)[C@@]4(C[C@H](OC(=N4)N)C(F)(F)F)CF,6.425968732,90373140,Active,COC1=CN=C2C(=C1)C=CN=C2NC3=CC(=C(C=C3)F)C4(CC(OC(=N4)N)C(F)(F)F)CF,COC1=CN=C2C(NC3=CC(C4(CF)CC(C(F)(F)F)OC(N)=N4)=C(F)C=C3)=NC=CC2=C1
216,COC1=CN=C2C(=N1)C=CN=C2NC3=CC(=C(C=C3)F)[C@@]4(C[C@H](OC(=N4)N)C(F)(F)F)CF,7.301029996,90373087,Active,COC1=CN=C2C(=N1)C=CN=C2NC3=CC(=C(C=C3)F)C4(CC(OC(=N4)N)C(F)(F)F)CF,COC1=CN=C2C(NC3=CC(C4(CF)CC(C(F)(F)F)OC(N)=N4)=C(F)C=C3)=NC=CC2=N1
217,COC1=NC=C(N=C1)C(=O)NC2=CC(=C(C(=C2)F)F)[C@@]3(C[C@H](OC(=N3)N)C(F)(F)F)CF,7.301029996,90372957,Active,COC1=NC=C(N=C1)C(=O)NC2=CC(=C(C(=C2)F)F)C3(CC(OC(=N3)N)C(F)(F)F)CF,COC1=NC=C(C(=O)NC2=CC(C3(CF)CC(C(F)(F)F)OC(N)=N3)=C(F)C(F)=C2)N=C1
